﻿<?xml version="1.0" encoding="utf-8"?>
<abapGit version="v0.2-alpha">
 <WDY_COMPONENT_METADATA>
  <COMP_METADATA>
   <DEFINITION>
    <COMPONENT_NAME>ZIT_LAUNCHER</COMPONENT_NAME>
    <VERSION>A</VERSION>
    <TYPE>0</TYPE>
    <CMP_CONTROLLER>COMPONENTCONTROLLER</CMP_CONTROLLER>
    <CONFIG_CTLR></CONFIG_CTLR>
    <CMP_INTERFACE>COMPONENTINTERFACE</CMP_INTERFACE>
    <DISPLAY_NAME>ZIT_LAUNCHER</DISPLAY_NAME>
    <MODULE_POOL_NAME></MODULE_POOL_NAME>
    <AUTHOR></AUTHOR>
    <CREATEDON>00000000</CREATEDON>
    <CHANGEDBY></CHANGEDBY>
    <CHANGEDON>00000000</CHANGEDON>
    <GENDATE>00000000</GENDATE>
    <GENTIME>000000</GENTIME>
    <NO_ACC_CHECKS></NO_ACC_CHECKS>
    <CONFIG_EDITOR></CONFIG_EDITOR>
    <CONFIG_HIDDEN></CONFIG_HIDDEN>
    <CONFIG_EXPL_PROP>0</CONFIG_EXPL_PROP>
    <CONFIG_IMPL_PROP>0</CONFIG_IMPL_PROP>
    <P13N_EXPL_PROP>0</P13N_EXPL_PROP>
    <P13N_IMPL_PROP>0</P13N_IMPL_PROP>
    <ADDITIONAL_PROPS></ADDITIONAL_PROPS>
    <CAN_HDL_VARIANTS></CAN_HDL_VARIANTS>
    <ASSISTANCE_CLASS></ASSISTANCE_CLASS>
   </DEFINITION>
   <WDY_COMPONENTT_TABLE>
    <WDY_COMPONENTT>
     <COMPONENT_NAME>ZIT_LAUNCHER</COMPONENT_NAME>
     <LANGU>E</LANGU>
     <DESCRIPTION>Generic launcher for Fiori</DESCRIPTION>
    </WDY_COMPONENTT>
   </WDY_COMPONENTT_TABLE>
   <WDY_COMPO_USAGE_TABLE/>
   <WDY_WINDOW_TABLE/>
   <WDY_WINDOWT_TABLE/>
   <WDY_NAV_LINK_TABLE/>
   <WDY_NAV_TARGREF_TABLE/>
   <WDY_VSH_NODE_TABLE/>
   <WDY_VSH_PHOLDER_TABLE/>
   <WDY_VS_PROPERTY_TABLE/>
   <WDY_INTF_IMPLEM_TABLE/>
   <WDY_LIBRARY_USE_TABLE/>
   <WDY_EXTERNAL_CTLR_USAGE_TABLE/>
   <WDY_EXTERNAL_CTX_MAPPING_TABLE/>
  </COMP_METADATA>
  <WDY_MD_VIEW_META_DATA_T>
   <WDY_MD_VIEW_META_DATA>
    <DEFINITION>
     <COMPONENT_NAME>ZIT_LAUNCHER</COMPONENT_NAME>
     <VIEW_NAME>EMPTYVIEW</VIEW_NAME>
     <VERSION>A</VERSION>
     <TYPE>CL_WDY_MD_EMPTY_VIEW</TYPE>
     <VIEW_TYPE>00</VIEW_TYPE>
     <LIFESPAN>0</LIFESPAN>
     <VIEW_CONTROLLER>EMPTYVIEW</VIEW_CONTROLLER>
     <ROOT_UI_CONT></ROOT_UI_CONT>
     <IS_CONVERTED></IS_CONVERTED>
     <DISPLAY_NAME>EMPTYVIEW</DISPLAY_NAME>
     <AUTHOR></AUTHOR>
     <CREATEDON>00000000</CREATEDON>
     <CHANGEDBY></CHANGEDBY>
     <CHANGEDON>00000000</CHANGEDON>
     <COMPUSAGE_NAME></COMPUSAGE_NAME>
     <DEF_ROOT_NODE></DEF_ROOT_NODE>
     <TITLE></TITLE>
     <HELP_DESCRIPTION></HELP_DESCRIPTION>
     <HELP_LINK></HELP_LINK>
     <VISIBILITY>00</VISIBILITY>
    </DEFINITION>
    <WDY_VIEWT_TABLE/>
    <WDY_VIEW_CNTR_TABLE/>
    <WDY_VIEW_CNTRT_TABLE/>
    <WDY_IOBOUND_PLUG_TABLE>
     <WDY_IOBOUND_PLUG>
      <COMPONENT_NAME>ZIT_LAUNCHER</COMPONENT_NAME>
      <VIEW_NAME>EMPTYVIEW</VIEW_NAME>
      <PLUG_NAME>SHOWEMPTYVIEW</PLUG_NAME>
      <VERSION>A</VERSION>
      <PLUG_TYPE>CL_WDY_MD_INBOUND_PLUG</PLUG_TYPE>
      <IN_PLUG_TYPE>0</IN_PLUG_TYPE>
      <OUT_PLUG_TYPE>0</OUT_PLUG_TYPE>
      <DISPLAY_NAME>SHOWEMPTYVIEW</DISPLAY_NAME>
      <IS_INTF_ITEM></IS_INTF_ITEM>
     </WDY_IOBOUND_PLUG>
    </WDY_IOBOUND_PLUG_TABLE>
    <WDY_IOBOUND_PLGT_TABLE/>
    <WDY_PLUG_PARAM_TABLE/>
    <WDY_PLUG_PARAMT_TABLE/>
    <WDY_UI_ELEMENT_TABLE/>
    <WDY_UI_CTX_BIND_TABLE/>
    <WDY_UI_EVT_BIND_TABLE/>
    <WDY_UI_DDIC_BIND_TABLE/>
    <WDY_UI_PROPERTY_TABLE/>
    <WDY_NAV_LINK_TABLE/>
    <WDY_NAV_TARGREF_TABLE/>
    <WDY_VSH_NODE_TABLE/>
    <WDY_VSH_PHOLDER_TABLE/>
    <WDY_VS_PROPERTY_TABLE/>
   </WDY_MD_VIEW_META_DATA>
   <WDY_MD_VIEW_META_DATA>
    <DEFINITION>
     <COMPONENT_NAME>ZIT_LAUNCHER</COMPONENT_NAME>
     <VIEW_NAME>MAIN</VIEW_NAME>
     <VERSION>A</VERSION>
     <TYPE>CL_WDY_MD_VIEW</TYPE>
     <VIEW_TYPE>00</VIEW_TYPE>
     <LIFESPAN>0</LIFESPAN>
     <VIEW_CONTROLLER>MAIN</VIEW_CONTROLLER>
     <ROOT_UI_CONT>ROOTUIELEMENTCONTAINER</ROOT_UI_CONT>
     <IS_CONVERTED></IS_CONVERTED>
     <DISPLAY_NAME>MAIN</DISPLAY_NAME>
     <AUTHOR></AUTHOR>
     <CREATEDON>00000000</CREATEDON>
     <CHANGEDBY></CHANGEDBY>
     <CHANGEDON>00000000</CHANGEDON>
     <COMPUSAGE_NAME></COMPUSAGE_NAME>
     <DEF_ROOT_NODE></DEF_ROOT_NODE>
     <TITLE></TITLE>
     <HELP_DESCRIPTION></HELP_DESCRIPTION>
     <HELP_LINK></HELP_LINK>
     <VISIBILITY>00</VISIBILITY>
    </DEFINITION>
    <WDY_VIEWT_TABLE/>
    <WDY_VIEW_CNTR_TABLE/>
    <WDY_VIEW_CNTRT_TABLE/>
    <WDY_IOBOUND_PLUG_TABLE/>
    <WDY_IOBOUND_PLGT_TABLE/>
    <WDY_PLUG_PARAM_TABLE/>
    <WDY_PLUG_PARAMT_TABLE/>
    <WDY_UI_ELEMENT_TABLE>
     <WDY_UI_ELEMENT>
      <COMPONENT_NAME>ZIT_LAUNCHER</COMPONENT_NAME>
      <VIEW_NAME>MAIN</VIEW_NAME>
      <ELEMENT_NAME>ROOTUIELEMENTCONTAINER</ELEMENT_NAME>
      <VERSION>A</VERSION>
      <ELEMENT_POSITION>0 </ELEMENT_POSITION>
      <UI_ELEMENT_TYPE>CL_WDY_MD_TRANSP_CONTAINER</UI_ELEMENT_TYPE>
      <DISPLAY_NAME>ROOTUIELEMENTCONTAINER</DISPLAY_NAME>
      <UI_ELEM_DEF_LIB>STANDARD</UI_ELEM_DEF_LIB>
      <UI_ELEMENT_DEF>TRANSPARENT_CONTAINER</UI_ELEMENT_DEF>
      <PARENT_NAME></PARENT_NAME>
      <AGGREGATION_NAME></AGGREGATION_NAME>
     </WDY_UI_ELEMENT>
     <WDY_UI_ELEMENT>
      <COMPONENT_NAME>ZIT_LAUNCHER</COMPONENT_NAME>
      <VIEW_NAME>MAIN</VIEW_NAME>
      <ELEMENT_NAME>ROOTUIELEMENTCONTAINER_LAYOUT</ELEMENT_NAME>
      <VERSION>A</VERSION>
      <ELEMENT_POSITION>1 </ELEMENT_POSITION>
      <UI_ELEMENT_TYPE>CL_WDY_MD_FLOW_LAYOUT</UI_ELEMENT_TYPE>
      <DISPLAY_NAME>ROOTUIELEMENTCONTAINER_LAYOUT</DISPLAY_NAME>
      <UI_ELEM_DEF_LIB>STANDARD</UI_ELEM_DEF_LIB>
      <UI_ELEMENT_DEF>FLOW_LAYOUT</UI_ELEMENT_DEF>
      <PARENT_NAME>ROOTUIELEMENTCONTAINER</PARENT_NAME>
      <AGGREGATION_NAME>LAYOUT</AGGREGATION_NAME>
     </WDY_UI_ELEMENT>
    </WDY_UI_ELEMENT_TABLE>
    <WDY_UI_CTX_BIND_TABLE/>
    <WDY_UI_EVT_BIND_TABLE/>
    <WDY_UI_DDIC_BIND_TABLE/>
    <WDY_UI_PROPERTY_TABLE>
     <WDY_UI_PROPERTY>
      <COMPONENT_NAME>ZIT_LAUNCHER</COMPONENT_NAME>
      <VIEW_NAME>MAIN</VIEW_NAME>
      <ELEMENT_NAME>ROOTUIELEMENTCONTAINER</ELEMENT_NAME>
      <VERSION>A</VERSION>
      <PROPERTY_NAME>CONTEXT_MENU_BEHAVIOUR</PROPERTY_NAME>
      <PROPERTY_VALUE>00</PROPERTY_VALUE>
     </WDY_UI_PROPERTY>
     <WDY_UI_PROPERTY>
      <COMPONENT_NAME>ZIT_LAUNCHER</COMPONENT_NAME>
      <VIEW_NAME>MAIN</VIEW_NAME>
      <ELEMENT_NAME>ROOTUIELEMENTCONTAINER</ELEMENT_NAME>
      <VERSION>A</VERSION>
      <PROPERTY_NAME>ENABLED</PROPERTY_NAME>
      <PROPERTY_VALUE>X</PROPERTY_VALUE>
     </WDY_UI_PROPERTY>
     <WDY_UI_PROPERTY>
      <COMPONENT_NAME>ZIT_LAUNCHER</COMPONENT_NAME>
      <VIEW_NAME>MAIN</VIEW_NAME>
      <ELEMENT_NAME>ROOTUIELEMENTCONTAINER</ELEMENT_NAME>
      <VERSION>A</VERSION>
      <PROPERTY_NAME>IS_LAYOUT_CONTAINER</PROPERTY_NAME>
      <PROPERTY_VALUE>X</PROPERTY_VALUE>
     </WDY_UI_PROPERTY>
     <WDY_UI_PROPERTY>
      <COMPONENT_NAME>ZIT_LAUNCHER</COMPONENT_NAME>
      <VIEW_NAME>MAIN</VIEW_NAME>
      <ELEMENT_NAME>ROOTUIELEMENTCONTAINER</ELEMENT_NAME>
      <VERSION>A</VERSION>
      <PROPERTY_NAME>SCROLLING_MODE</PROPERTY_NAME>
      <PROPERTY_VALUE>02</PROPERTY_VALUE>
     </WDY_UI_PROPERTY>
     <WDY_UI_PROPERTY>
      <COMPONENT_NAME>ZIT_LAUNCHER</COMPONENT_NAME>
      <VIEW_NAME>MAIN</VIEW_NAME>
      <ELEMENT_NAME>ROOTUIELEMENTCONTAINER</ELEMENT_NAME>
      <VERSION>A</VERSION>
      <PROPERTY_NAME>SCROLL_LEFT</PROPERTY_NAME>
      <PROPERTY_VALUE>0</PROPERTY_VALUE>
     </WDY_UI_PROPERTY>
     <WDY_UI_PROPERTY>
      <COMPONENT_NAME>ZIT_LAUNCHER</COMPONENT_NAME>
      <VIEW_NAME>MAIN</VIEW_NAME>
      <ELEMENT_NAME>ROOTUIELEMENTCONTAINER</ELEMENT_NAME>
      <VERSION>A</VERSION>
      <PROPERTY_NAME>SCROLL_TOP</PROPERTY_NAME>
      <PROPERTY_VALUE>0</PROPERTY_VALUE>
     </WDY_UI_PROPERTY>
     <WDY_UI_PROPERTY>
      <COMPONENT_NAME>ZIT_LAUNCHER</COMPONENT_NAME>
      <VIEW_NAME>MAIN</VIEW_NAME>
      <ELEMENT_NAME>ROOTUIELEMENTCONTAINER</ELEMENT_NAME>
      <VERSION>A</VERSION>
      <PROPERTY_NAME>VISIBLE</PROPERTY_NAME>
      <PROPERTY_VALUE>02</PROPERTY_VALUE>
     </WDY_UI_PROPERTY>
     <WDY_UI_PROPERTY>
      <COMPONENT_NAME>ZIT_LAUNCHER</COMPONENT_NAME>
      <VIEW_NAME>MAIN</VIEW_NAME>
      <ELEMENT_NAME>ROOTUIELEMENTCONTAINER_LAYOUT</ELEMENT_NAME>
      <VERSION>A</VERSION>
      <PROPERTY_NAME>WRAPPING</PROPERTY_NAME>
      <PROPERTY_VALUE>X</PROPERTY_VALUE>
     </WDY_UI_PROPERTY>
    </WDY_UI_PROPERTY_TABLE>
    <WDY_NAV_LINK_TABLE/>
    <WDY_NAV_TARGREF_TABLE/>
    <WDY_VSH_NODE_TABLE/>
    <WDY_VSH_PHOLDER_TABLE/>
    <WDY_VS_PROPERTY_TABLE/>
   </WDY_MD_VIEW_META_DATA>
   <WDY_MD_VIEW_META_DATA>
    <DEFINITION>
     <COMPONENT_NAME>ZIT_LAUNCHER</COMPONENT_NAME>
     <VIEW_NAME>ZIT_LAUNCHER</VIEW_NAME>
     <VERSION>A</VERSION>
     <TYPE>CL_WDY_MD_WINDOW</TYPE>
     <VIEW_TYPE>00</VIEW_TYPE>
     <LIFESPAN>0</LIFESPAN>
     <VIEW_CONTROLLER>ZIT_LAUNCHER</VIEW_CONTROLLER>
     <ROOT_UI_CONT></ROOT_UI_CONT>
     <IS_CONVERTED></IS_CONVERTED>
     <DISPLAY_NAME>ZIT_LAUNCHER</DISPLAY_NAME>
     <AUTHOR></AUTHOR>
     <CREATEDON>00000000</CREATEDON>
     <CHANGEDBY></CHANGEDBY>
     <CHANGEDON>00000000</CHANGEDON>
     <COMPUSAGE_NAME></COMPUSAGE_NAME>
     <DEF_ROOT_NODE>MAIN_USAGE_0</DEF_ROOT_NODE>
     <TITLE></TITLE>
     <HELP_DESCRIPTION></HELP_DESCRIPTION>
     <HELP_LINK></HELP_LINK>
     <VISIBILITY>00</VISIBILITY>
    </DEFINITION>
    <WDY_VIEWT_TABLE/>
    <WDY_VIEW_CNTR_TABLE/>
    <WDY_VIEW_CNTRT_TABLE/>
    <WDY_IOBOUND_PLUG_TABLE>
     <WDY_IOBOUND_PLUG>
      <COMPONENT_NAME>ZIT_LAUNCHER</COMPONENT_NAME>
      <VIEW_NAME>ZIT_LAUNCHER</VIEW_NAME>
      <PLUG_NAME>DEFAULT</PLUG_NAME>
      <VERSION>A</VERSION>
      <PLUG_TYPE>CL_WDY_MD_INBOUND_PLUG</PLUG_TYPE>
      <IN_PLUG_TYPE>1</IN_PLUG_TYPE>
      <OUT_PLUG_TYPE>0</OUT_PLUG_TYPE>
      <DISPLAY_NAME>DEFAULT</DISPLAY_NAME>
      <IS_INTF_ITEM>X</IS_INTF_ITEM>
     </WDY_IOBOUND_PLUG>
     <WDY_IOBOUND_PLUG>
      <COMPONENT_NAME>ZIT_LAUNCHER</COMPONENT_NAME>
      <VIEW_NAME>ZIT_LAUNCHER</VIEW_NAME>
      <PLUG_NAME>EXIT_PLUG</PLUG_NAME>
      <VERSION>A</VERSION>
      <PLUG_TYPE>CL_WDY_MD_OUTBOUND_PLUG</PLUG_TYPE>
      <IN_PLUG_TYPE>0</IN_PLUG_TYPE>
      <OUT_PLUG_TYPE>0</OUT_PLUG_TYPE>
      <DISPLAY_NAME>EXIT_PLUG</DISPLAY_NAME>
      <IS_INTF_ITEM>X</IS_INTF_ITEM>
     </WDY_IOBOUND_PLUG>
    </WDY_IOBOUND_PLUG_TABLE>
    <WDY_IOBOUND_PLGT_TABLE/>
    <WDY_PLUG_PARAM_TABLE>
     <WDY_PLUG_PARAM>
      <COMPONENT_NAME>ZIT_LAUNCHER</COMPONENT_NAME>
      <VIEW_NAME>ZIT_LAUNCHER</VIEW_NAME>
      <PLUG_NAME>DEFAULT</PLUG_NAME>
      <PARAMETER_NAME>APPLICATION</PARAMETER_NAME>
      <VERSION>A</VERSION>
      <PARAM_POSITION>0 </PARAM_POSITION>
      <DECLARATION_TYPE>0</DECLARATION_TYPE>
      <ABAP_TYPING>0</ABAP_TYPING>
      <ABAP_TYPE>STRING</ABAP_TYPE>
      <WD_TYPE_NAME></WD_TYPE_NAME>
      <DISPLAY_NAME>APPLICATION</DISPLAY_NAME>
      <DEFAULT_VALUE></DEFAULT_VALUE>
      <OPTIONAL>X</OPTIONAL>
     </WDY_PLUG_PARAM>
     <WDY_PLUG_PARAM>
      <COMPONENT_NAME>ZIT_LAUNCHER</COMPONENT_NAME>
      <VIEW_NAME>ZIT_LAUNCHER</VIEW_NAME>
      <PLUG_NAME>DEFAULT</PLUG_NAME>
      <PARAMETER_NAME>CONFIGURATION</PARAMETER_NAME>
      <VERSION>A</VERSION>
      <PARAM_POSITION>0 </PARAM_POSITION>
      <DECLARATION_TYPE>0</DECLARATION_TYPE>
      <ABAP_TYPING>0</ABAP_TYPING>
      <ABAP_TYPE>STRING</ABAP_TYPE>
      <WD_TYPE_NAME></WD_TYPE_NAME>
      <DISPLAY_NAME>CONFIGURATION</DISPLAY_NAME>
      <DEFAULT_VALUE></DEFAULT_VALUE>
      <OPTIONAL>X</OPTIONAL>
     </WDY_PLUG_PARAM>
     <WDY_PLUG_PARAM>
      <COMPONENT_NAME>ZIT_LAUNCHER</COMPONENT_NAME>
      <VIEW_NAME>ZIT_LAUNCHER</VIEW_NAME>
      <PLUG_NAME>DEFAULT</PLUG_NAME>
      <PARAMETER_NAME>METHOD</PARAMETER_NAME>
      <VERSION>A</VERSION>
      <PARAM_POSITION>0 </PARAM_POSITION>
      <DECLARATION_TYPE>0</DECLARATION_TYPE>
      <ABAP_TYPING>0</ABAP_TYPING>
      <ABAP_TYPE>STRING</ABAP_TYPE>
      <WD_TYPE_NAME></WD_TYPE_NAME>
      <DISPLAY_NAME>METHOD</DISPLAY_NAME>
      <DEFAULT_VALUE></DEFAULT_VALUE>
      <OPTIONAL>X</OPTIONAL>
     </WDY_PLUG_PARAM>
     <WDY_PLUG_PARAM>
      <COMPONENT_NAME>ZIT_LAUNCHER</COMPONENT_NAME>
      <VIEW_NAME>ZIT_LAUNCHER</VIEW_NAME>
      <PLUG_NAME>DEFAULT</PLUG_NAME>
      <PARAMETER_NAME>OBJECT</PARAMETER_NAME>
      <VERSION>A</VERSION>
      <PARAM_POSITION>0 </PARAM_POSITION>
      <DECLARATION_TYPE>0</DECLARATION_TYPE>
      <ABAP_TYPING>0</ABAP_TYPING>
      <ABAP_TYPE>STRING</ABAP_TYPE>
      <WD_TYPE_NAME></WD_TYPE_NAME>
      <DISPLAY_NAME>OBJECT</DISPLAY_NAME>
      <DEFAULT_VALUE></DEFAULT_VALUE>
      <OPTIONAL>X</OPTIONAL>
     </WDY_PLUG_PARAM>
     <WDY_PLUG_PARAM>
      <COMPONENT_NAME>ZIT_LAUNCHER</COMPONENT_NAME>
      <VIEW_NAME>ZIT_LAUNCHER</VIEW_NAME>
      <PLUG_NAME>DEFAULT</PLUG_NAME>
      <PARAMETER_NAME>TRCODE</PARAMETER_NAME>
      <VERSION>A</VERSION>
      <PARAM_POSITION>0 </PARAM_POSITION>
      <DECLARATION_TYPE>0</DECLARATION_TYPE>
      <ABAP_TYPING>0</ABAP_TYPING>
      <ABAP_TYPE>CHAR10</ABAP_TYPE>
      <WD_TYPE_NAME></WD_TYPE_NAME>
      <DISPLAY_NAME>TRCODE</DISPLAY_NAME>
      <DEFAULT_VALUE></DEFAULT_VALUE>
      <OPTIONAL>X</OPTIONAL>
     </WDY_PLUG_PARAM>
     <WDY_PLUG_PARAM>
      <COMPONENT_NAME>ZIT_LAUNCHER</COMPONENT_NAME>
      <VIEW_NAME>ZIT_LAUNCHER</VIEW_NAME>
      <PLUG_NAME>DEFAULT</PLUG_NAME>
      <PARAMETER_NAME>TYPE</PARAMETER_NAME>
      <VERSION>A</VERSION>
      <PARAM_POSITION>0 </PARAM_POSITION>
      <DECLARATION_TYPE>0</DECLARATION_TYPE>
      <ABAP_TYPING>0</ABAP_TYPING>
      <ABAP_TYPE>CHAR10</ABAP_TYPE>
      <WD_TYPE_NAME></WD_TYPE_NAME>
      <DISPLAY_NAME>TYPE</DISPLAY_NAME>
      <DEFAULT_VALUE></DEFAULT_VALUE>
      <OPTIONAL></OPTIONAL>
     </WDY_PLUG_PARAM>
     <WDY_PLUG_PARAM>
      <COMPONENT_NAME>ZIT_LAUNCHER</COMPONENT_NAME>
      <VIEW_NAME>ZIT_LAUNCHER</VIEW_NAME>
      <PLUG_NAME>EXIT_PLUG</PLUG_NAME>
      <PARAMETER_NAME>CLOSE_WINDOW</PARAMETER_NAME>
      <VERSION>A</VERSION>
      <PARAM_POSITION>0 </PARAM_POSITION>
      <DECLARATION_TYPE>0</DECLARATION_TYPE>
      <ABAP_TYPING>0</ABAP_TYPING>
      <ABAP_TYPE>WDY_BOOLEAN</ABAP_TYPE>
      <WD_TYPE_NAME></WD_TYPE_NAME>
      <DISPLAY_NAME>CLOSE_WINDOW</DISPLAY_NAME>
      <DEFAULT_VALUE></DEFAULT_VALUE>
      <OPTIONAL></OPTIONAL>
     </WDY_PLUG_PARAM>
     <WDY_PLUG_PARAM>
      <COMPONENT_NAME>ZIT_LAUNCHER</COMPONENT_NAME>
      <VIEW_NAME>ZIT_LAUNCHER</VIEW_NAME>
      <PLUG_NAME>EXIT_PLUG</PLUG_NAME>
      <PARAMETER_NAME>URL</PARAMETER_NAME>
      <VERSION>A</VERSION>
      <PARAM_POSITION>0 </PARAM_POSITION>
      <DECLARATION_TYPE>0</DECLARATION_TYPE>
      <ABAP_TYPING>0</ABAP_TYPING>
      <ABAP_TYPE>STRING</ABAP_TYPE>
      <WD_TYPE_NAME></WD_TYPE_NAME>
      <DISPLAY_NAME>URL</DISPLAY_NAME>
      <DEFAULT_VALUE></DEFAULT_VALUE>
      <OPTIONAL>X</OPTIONAL>
     </WDY_PLUG_PARAM>
    </WDY_PLUG_PARAM_TABLE>
    <WDY_PLUG_PARAMT_TABLE/>
    <WDY_UI_ELEMENT_TABLE/>
    <WDY_UI_CTX_BIND_TABLE/>
    <WDY_UI_EVT_BIND_TABLE/>
    <WDY_UI_DDIC_BIND_TABLE/>
    <WDY_UI_PROPERTY_TABLE/>
    <WDY_NAV_LINK_TABLE/>
    <WDY_NAV_TARGREF_TABLE/>
    <WDY_VSH_NODE_TABLE>
     <WDY_VSH_NODE>
      <COMPONENT_NAME>ZIT_LAUNCHER</COMPONENT_NAME>
      <WINDOW_NAME>ZIT_LAUNCHER</WINDOW_NAME>
      <VSH_NODE_NAME>MAIN_USAGE_0</VSH_NODE_NAME>
      <VERSION>A</VERSION>
      <VSH_NODE_TYPE>CL_WDY_MD_VIEW_USAGE</VSH_NODE_TYPE>
      <PHOLDER_OWNER></PHOLDER_OWNER>
      <PHOLDER_NAME></PHOLDER_NAME>
      <USED_COMPONENT></USED_COMPONENT>
      <USED_VIEW>MAIN</USED_VIEW>
      <DISPLAY_NAME>MAIN_USAGE_0</DISPLAY_NAME>
      <VSET_DEFINITION></VSET_DEFINITION>
      <COMPONENT_USAGE></COMPONENT_USAGE>
      <DEF_INBOUND_PLUG></DEF_INBOUND_PLUG>
     </WDY_VSH_NODE>
    </WDY_VSH_NODE_TABLE>
    <WDY_VSH_PHOLDER_TABLE/>
    <WDY_VS_PROPERTY_TABLE/>
   </WDY_MD_VIEW_META_DATA>
  </WDY_MD_VIEW_META_DATA_T>
  <WDY_MD_CONTROLLER_META_DATA_T>
   <WDY_MD_CONTROLLER_META_DATA>
    <DEFINITION>
     <COMPONENT_NAME>ZIT_LAUNCHER</COMPONENT_NAME>
     <CONTROLLER_NAME>COMPONENTCONTROLLER</CONTROLLER_NAME>
     <VERSION>A</VERSION>
     <CONTROLLER_TYPE>02</CONTROLLER_TYPE>
     <CONTEXT>CONTEXT</CONTEXT>
     <DISPLAY_NAME>COMPONENTCONTROLLER</DISPLAY_NAME>
     <RUNTIME_OBJECT>ZIWCI_IT_LAUNCHER</RUNTIME_OBJECT>
     <AUTHOR></AUTHOR>
     <CREATEDON>00000000</CREATEDON>
     <CHANGEDBY></CHANGEDBY>
     <CHANGEDON>00000000</CHANGEDON>
    </DEFINITION>
    <WDY_CONTROLLERT_TABLE/>
    <WDY_CTLR_USAGE_TABLE/>
    <WDY_CTLR_COMPO_TABLE/>
    <WDY_CTLR_COMPOT_TABLE>
     <WDY_CTLR_COMPOT>
      <COMPONENT_NAME>ZIT_LAUNCHER</COMPONENT_NAME>
      <CONTROLLER_NAME>COMPONENTCONTROLLER</CONTROLLER_NAME>
      <CMPNAME>NAVIGATE_OBN</CMPNAME>
      <LANGU>E</LANGU>
      <DESCRIPTION>Navigate via OBN</DESCRIPTION>
     </WDY_CTLR_COMPOT>
     <WDY_CTLR_COMPOT>
      <COMPONENT_NAME>ZIT_LAUNCHER</COMPONENT_NAME>
      <CONTROLLER_NAME>COMPONENTCONTROLLER</CONTROLLER_NAME>
      <CMPNAME>NAVIGATE_TRCODE</CMPNAME>
      <LANGU>E</LANGU>
      <DESCRIPTION>Navigate to transaction</DESCRIPTION>
     </WDY_CTLR_COMPOT>
     <WDY_CTLR_COMPOT>
      <COMPONENT_NAME>ZIT_LAUNCHER</COMPONENT_NAME>
      <CONTROLLER_NAME>COMPONENTCONTROLLER</CONTROLLER_NAME>
      <CMPNAME>NAVIGATE_WDA</CMPNAME>
      <LANGU>E</LANGU>
      <DESCRIPTION>Navigate to web dynpro applikation</DESCRIPTION>
     </WDY_CTLR_COMPOT>
     <WDY_CTLR_COMPOT>
      <COMPONENT_NAME>ZIT_LAUNCHER</COMPONENT_NAME>
      <CONTROLLER_NAME>COMPONENTCONTROLLER</CONTROLLER_NAME>
      <CMPNAME>WDDOAPPLICATIONSTATECHANGE</CMPNAME>
      <LANGU>E</LANGU>
      <DESCRIPTION>Handling for Suspending and Resuming an Application</DESCRIPTION>
     </WDY_CTLR_COMPOT>
     <WDY_CTLR_COMPOT>
      <COMPONENT_NAME>ZIT_LAUNCHER</COMPONENT_NAME>
      <CONTROLLER_NAME>COMPONENTCONTROLLER</CONTROLLER_NAME>
      <CMPNAME>WDDOBEFORENAVIGATION</CMPNAME>
      <LANGU>E</LANGU>
      <DESCRIPTION>Error Handling by Application Before Navigation</DESCRIPTION>
     </WDY_CTLR_COMPOT>
     <WDY_CTLR_COMPOT>
      <COMPONENT_NAME>ZIT_LAUNCHER</COMPONENT_NAME>
      <CONTROLLER_NAME>COMPONENTCONTROLLER</CONTROLLER_NAME>
      <CMPNAME>WDDOEXIT</CMPNAME>
      <LANGU>E</LANGU>
      <DESCRIPTION>Controller Clean-Up Method</DESCRIPTION>
     </WDY_CTLR_COMPOT>
     <WDY_CTLR_COMPOT>
      <COMPONENT_NAME>ZIT_LAUNCHER</COMPONENT_NAME>
      <CONTROLLER_NAME>COMPONENTCONTROLLER</CONTROLLER_NAME>
      <CMPNAME>WDDOINIT</CMPNAME>
      <LANGU>E</LANGU>
      <DESCRIPTION>Controller Initialization Method</DESCRIPTION>
     </WDY_CTLR_COMPOT>
     <WDY_CTLR_COMPOT>
      <COMPONENT_NAME>ZIT_LAUNCHER</COMPONENT_NAME>
      <CONTROLLER_NAME>COMPONENTCONTROLLER</CONTROLLER_NAME>
      <CMPNAME>WDDOPOSTPROCESSING</CMPNAME>
      <LANGU>E</LANGU>
      <DESCRIPTION>Prepare Output</DESCRIPTION>
     </WDY_CTLR_COMPOT>
    </WDY_CTLR_COMPOT_TABLE>
    <WDY_CTLR_PARAM_TABLE>
     <WDY_CTLR_PARAM>
      <COMPONENT_NAME>ZIT_LAUNCHER</COMPONENT_NAME>
      <CONTROLLER_NAME>COMPONENTCONTROLLER</CONTROLLER_NAME>
      <CMPNAME>NAVIGATE_OBN</CMPNAME>
      <PARAMETER_NAME>METHOD</PARAMETER_NAME>
      <VERSION>A</VERSION>
      <PARAM_POSITION>1 </PARAM_POSITION>
      <DECLARATION_TYPE>0</DECLARATION_TYPE>
      <ABAP_TYPING>0</ABAP_TYPING>
      <ABAP_TYPE>STRING</ABAP_TYPE>
      <WD_TYPE_NAME></WD_TYPE_NAME>
      <DISPLAY_NAME>METHOD</DISPLAY_NAME>
      <DEFAULT_VALUE></DEFAULT_VALUE>
      <OPTIONAL></OPTIONAL>
     </WDY_CTLR_PARAM>
     <WDY_CTLR_PARAM>
      <COMPONENT_NAME>ZIT_LAUNCHER</COMPONENT_NAME>
      <CONTROLLER_NAME>COMPONENTCONTROLLER</CONTROLLER_NAME>
      <CMPNAME>NAVIGATE_OBN</CMPNAME>
      <PARAMETER_NAME>OBJECT</PARAMETER_NAME>
      <VERSION>A</VERSION>
      <PARAM_POSITION>2 </PARAM_POSITION>
      <DECLARATION_TYPE>0</DECLARATION_TYPE>
      <ABAP_TYPING>0</ABAP_TYPING>
      <ABAP_TYPE>STRING</ABAP_TYPE>
      <WD_TYPE_NAME></WD_TYPE_NAME>
      <DISPLAY_NAME>OBJECT</DISPLAY_NAME>
      <DEFAULT_VALUE></DEFAULT_VALUE>
      <OPTIONAL></OPTIONAL>
     </WDY_CTLR_PARAM>
     <WDY_CTLR_PARAM>
      <COMPONENT_NAME>ZIT_LAUNCHER</COMPONENT_NAME>
      <CONTROLLER_NAME>COMPONENTCONTROLLER</CONTROLLER_NAME>
      <CMPNAME>NAVIGATE_TRCODE</CMPNAME>
      <PARAMETER_NAME>TRCODE</PARAMETER_NAME>
      <VERSION>A</VERSION>
      <PARAM_POSITION>1 </PARAM_POSITION>
      <DECLARATION_TYPE>0</DECLARATION_TYPE>
      <ABAP_TYPING>0</ABAP_TYPING>
      <ABAP_TYPE>CHAR10</ABAP_TYPE>
      <WD_TYPE_NAME></WD_TYPE_NAME>
      <DISPLAY_NAME>TRCODE</DISPLAY_NAME>
      <DEFAULT_VALUE></DEFAULT_VALUE>
      <OPTIONAL></OPTIONAL>
     </WDY_CTLR_PARAM>
     <WDY_CTLR_PARAM>
      <COMPONENT_NAME>ZIT_LAUNCHER</COMPONENT_NAME>
      <CONTROLLER_NAME>COMPONENTCONTROLLER</CONTROLLER_NAME>
      <CMPNAME>NAVIGATE_WDA</CMPNAME>
      <PARAMETER_NAME>APPLICATION</PARAMETER_NAME>
      <VERSION>A</VERSION>
      <PARAM_POSITION>1 </PARAM_POSITION>
      <DECLARATION_TYPE>0</DECLARATION_TYPE>
      <ABAP_TYPING>0</ABAP_TYPING>
      <ABAP_TYPE>STRING</ABAP_TYPE>
      <WD_TYPE_NAME></WD_TYPE_NAME>
      <DISPLAY_NAME>APPLICATION</DISPLAY_NAME>
      <DEFAULT_VALUE></DEFAULT_VALUE>
      <OPTIONAL></OPTIONAL>
     </WDY_CTLR_PARAM>
     <WDY_CTLR_PARAM>
      <COMPONENT_NAME>ZIT_LAUNCHER</COMPONENT_NAME>
      <CONTROLLER_NAME>COMPONENTCONTROLLER</CONTROLLER_NAME>
      <CMPNAME>NAVIGATE_WDA</CMPNAME>
      <PARAMETER_NAME>CONFIGURATION</PARAMETER_NAME>
      <VERSION>A</VERSION>
      <PARAM_POSITION>2 </PARAM_POSITION>
      <DECLARATION_TYPE>0</DECLARATION_TYPE>
      <ABAP_TYPING>0</ABAP_TYPING>
      <ABAP_TYPE>STRING</ABAP_TYPE>
      <WD_TYPE_NAME></WD_TYPE_NAME>
      <DISPLAY_NAME>CONFIGURATION</DISPLAY_NAME>
      <DEFAULT_VALUE></DEFAULT_VALUE>
      <OPTIONAL>X</OPTIONAL>
     </WDY_CTLR_PARAM>
     <WDY_CTLR_PARAM>
      <COMPONENT_NAME>ZIT_LAUNCHER</COMPONENT_NAME>
      <CONTROLLER_NAME>COMPONENTCONTROLLER</CONTROLLER_NAME>
      <CMPNAME>NAVIGATE_WDA</CMPNAME>
      <PARAMETER_NAME>URL</PARAMETER_NAME>
      <VERSION>A</VERSION>
      <PARAM_POSITION>3 </PARAM_POSITION>
      <DECLARATION_TYPE>1</DECLARATION_TYPE>
      <ABAP_TYPING>0</ABAP_TYPING>
      <ABAP_TYPE>STRING</ABAP_TYPE>
      <WD_TYPE_NAME></WD_TYPE_NAME>
      <DISPLAY_NAME>URL</DISPLAY_NAME>
      <DEFAULT_VALUE></DEFAULT_VALUE>
      <OPTIONAL></OPTIONAL>
     </WDY_CTLR_PARAM>
     <WDY_CTLR_PARAM>
      <COMPONENT_NAME>ZIT_LAUNCHER</COMPONENT_NAME>
      <CONTROLLER_NAME>COMPONENTCONTROLLER</CONTROLLER_NAME>
      <CMPNAME>WDDOAPPLICATIONSTATECHANGE</CMPNAME>
      <PARAMETER_NAME>STATE_CHANGE</PARAMETER_NAME>
      <VERSION>A</VERSION>
      <PARAM_POSITION>1 </PARAM_POSITION>
      <DECLARATION_TYPE>0</DECLARATION_TYPE>
      <ABAP_TYPING>1</ABAP_TYPING>
      <ABAP_TYPE>IF_WD_APPLICATION_STATE_CHANGE</ABAP_TYPE>
      <WD_TYPE_NAME></WD_TYPE_NAME>
      <DISPLAY_NAME>STATE_CHANGE</DISPLAY_NAME>
      <DEFAULT_VALUE></DEFAULT_VALUE>
      <OPTIONAL></OPTIONAL>
     </WDY_CTLR_PARAM>
     <WDY_CTLR_PARAM>
      <COMPONENT_NAME>ZIT_LAUNCHER</COMPONENT_NAME>
      <CONTROLLER_NAME>COMPONENTCONTROLLER</CONTROLLER_NAME>
      <CMPNAME>WDDOBEFORENAVIGATION</CMPNAME>
      <PARAMETER_NAME>IS_CURRENT_ROOT</PARAMETER_NAME>
      <VERSION>A</VERSION>
      <PARAM_POSITION>1 </PARAM_POSITION>
      <DECLARATION_TYPE>0</DECLARATION_TYPE>
      <ABAP_TYPING>0</ABAP_TYPING>
      <ABAP_TYPE>WDY_BOOLEAN</ABAP_TYPE>
      <WD_TYPE_NAME></WD_TYPE_NAME>
      <DISPLAY_NAME>IS_CURRENT_ROOT</DISPLAY_NAME>
      <DEFAULT_VALUE></DEFAULT_VALUE>
      <OPTIONAL></OPTIONAL>
     </WDY_CTLR_PARAM>
     <WDY_CTLR_PARAM>
      <COMPONENT_NAME>ZIT_LAUNCHER</COMPONENT_NAME>
      <CONTROLLER_NAME>COMPONENTCONTROLLER</CONTROLLER_NAME>
      <CMPNAME>WDDOEXIT</CMPNAME>
      <PARAMETER_NAME>REASON</PARAMETER_NAME>
      <VERSION>A</VERSION>
      <PARAM_POSITION>1 </PARAM_POSITION>
      <DECLARATION_TYPE>0</DECLARATION_TYPE>
      <ABAP_TYPING>0</ABAP_TYPING>
      <ABAP_TYPE>WDR_APPL_EXIT_REASON</ABAP_TYPE>
      <WD_TYPE_NAME></WD_TYPE_NAME>
      <DISPLAY_NAME>REASON</DISPLAY_NAME>
      <DEFAULT_VALUE></DEFAULT_VALUE>
      <OPTIONAL></OPTIONAL>
     </WDY_CTLR_PARAM>
     <WDY_CTLR_PARAM>
      <COMPONENT_NAME>ZIT_LAUNCHER</COMPONENT_NAME>
      <CONTROLLER_NAME>COMPONENTCONTROLLER</CONTROLLER_NAME>
      <CMPNAME>WDDOPOSTPROCESSING</CMPNAME>
      <PARAMETER_NAME>IS_CURRENT_ROOT</PARAMETER_NAME>
      <VERSION>A</VERSION>
      <PARAM_POSITION>1 </PARAM_POSITION>
      <DECLARATION_TYPE>0</DECLARATION_TYPE>
      <ABAP_TYPING>0</ABAP_TYPING>
      <ABAP_TYPE>WDY_BOOLEAN</ABAP_TYPE>
      <WD_TYPE_NAME></WD_TYPE_NAME>
      <DISPLAY_NAME>IS_CURRENT_ROOT</DISPLAY_NAME>
      <DEFAULT_VALUE></DEFAULT_VALUE>
      <OPTIONAL></OPTIONAL>
     </WDY_CTLR_PARAM>
    </WDY_CTLR_PARAM_TABLE>
    <WDY_CTLR_PARAMT_TABLE/>
    <WDY_CTX_NODE_TABLE>
     <WDY_CTX_NODE>
      <COMPONENT_NAME>ZIT_LAUNCHER</COMPONENT_NAME>
      <CONTROLLER_NAME>COMPONENTCONTROLLER</CONTROLLER_NAME>
      <NODE_NAME>CONTEXT</NODE_NAME>
      <VERSION>A</VERSION>
      <NODE_TYPE>CL_WDY_MD_CONTEXT_VALUE_NODE</NODE_TYPE>
      <PARENT_NODE_NAME></PARENT_NODE_NAME>
      <NODE_POSITION>0 </NODE_POSITION>
      <SUPPLY_FUNC_NAME></SUPPLY_FUNC_NAME>
      <COLLECTION_TYPE>03</COLLECTION_TYPE>
      <CARDINALITY>01</CARDINALITY>
      <SELECTION>01</SELECTION>
      <SINGLETON>X</SINGLETON>
      <DISPLAY_NAME>CONTEXT</DISPLAY_NAME>
      <REPEATED_NODE></REPEATED_NODE>
      <ABAP_TYPE></ABAP_TYPE>
      <ABAP_TYPING>0</ABAP_TYPING>
      <INIT_LEAD_SELECT>X</INIT_LEAD_SELECT>
      <IS_INTF_ITEM>X</IS_INTF_ITEM>
      <IS_INPUT_ELEMENT></IS_INPUT_ELEMENT>
      <PRIMARY_ATTR></PRIMARY_ATTR>
     </WDY_CTX_NODE>
    </WDY_CTX_NODE_TABLE>
    <WDY_CTX_ATTRIB_TABLE/>
    <WDY_CTX_MAPPING_TABLE/>
    <WDY_FIELDGROUP_TABLE/>
    <WDY_CTLR_EXC_TABLE/>
    <WDY_CTLR_EXCT_TABLE/>
   </WDY_MD_CONTROLLER_META_DATA>
   <WDY_MD_CONTROLLER_META_DATA>
    <DEFINITION>
     <COMPONENT_NAME>ZIT_LAUNCHER</COMPONENT_NAME>
     <CONTROLLER_NAME>EMPTYVIEW</CONTROLLER_NAME>
     <VERSION>A</VERSION>
     <CONTROLLER_TYPE>01</CONTROLLER_TYPE>
     <CONTEXT></CONTEXT>
     <DISPLAY_NAME>EMPTYVIEW</DISPLAY_NAME>
     <RUNTIME_OBJECT></RUNTIME_OBJECT>
     <AUTHOR></AUTHOR>
     <CREATEDON>00000000</CREATEDON>
     <CHANGEDBY></CHANGEDBY>
     <CHANGEDON>00000000</CHANGEDON>
    </DEFINITION>
    <WDY_CONTROLLERT_TABLE/>
    <WDY_CTLR_USAGE_TABLE/>
    <WDY_CTLR_COMPO_TABLE/>
    <WDY_CTLR_COMPOT_TABLE/>
    <WDY_CTLR_PARAM_TABLE/>
    <WDY_CTLR_PARAMT_TABLE/>
    <WDY_CTX_NODE_TABLE/>
    <WDY_CTX_ATTRIB_TABLE/>
    <WDY_CTX_MAPPING_TABLE/>
    <WDY_FIELDGROUP_TABLE/>
    <WDY_CTLR_EXC_TABLE/>
    <WDY_CTLR_EXCT_TABLE/>
   </WDY_MD_CONTROLLER_META_DATA>
   <WDY_MD_CONTROLLER_META_DATA>
    <DEFINITION>
     <COMPONENT_NAME>ZIT_LAUNCHER</COMPONENT_NAME>
     <CONTROLLER_NAME>MAIN</CONTROLLER_NAME>
     <VERSION>A</VERSION>
     <CONTROLLER_TYPE>01</CONTROLLER_TYPE>
     <CONTEXT>CONTEXT</CONTEXT>
     <DISPLAY_NAME>MAIN</DISPLAY_NAME>
     <RUNTIME_OBJECT></RUNTIME_OBJECT>
     <AUTHOR></AUTHOR>
     <CREATEDON>00000000</CREATEDON>
     <CHANGEDBY></CHANGEDBY>
     <CHANGEDON>00000000</CHANGEDON>
    </DEFINITION>
    <WDY_CONTROLLERT_TABLE/>
    <WDY_CTLR_USAGE_TABLE>
     <WDY_CTLR_USAGE>
      <COMPONENT_NAME>ZIT_LAUNCHER</COMPONENT_NAME>
      <CONTROLLER_NAME>MAIN</CONTROLLER_NAME>
      <CTLR_USAGE_NAME>00O2TPAMM2Q93ANXA7XZ4CVSE</CTLR_USAGE_NAME>
      <VERSION>A</VERSION>
      <COMPONENT_USAGE></COMPONENT_USAGE>
      <USED_CONTROLLER>COMPONENTCONTROLLER</USED_CONTROLLER>
     </WDY_CTLR_USAGE>
    </WDY_CTLR_USAGE_TABLE>
    <WDY_CTLR_COMPO_TABLE/>
    <WDY_CTLR_COMPOT_TABLE>
     <WDY_CTLR_COMPOT>
      <COMPONENT_NAME>ZIT_LAUNCHER</COMPONENT_NAME>
      <CONTROLLER_NAME>MAIN</CONTROLLER_NAME>
      <CMPNAME>WDDOAFTERACTION</CMPNAME>
      <LANGU>E</LANGU>
      <DESCRIPTION>Method for non-action specific operations before navigation</DESCRIPTION>
     </WDY_CTLR_COMPOT>
     <WDY_CTLR_COMPOT>
      <COMPONENT_NAME>ZIT_LAUNCHER</COMPONENT_NAME>
      <CONTROLLER_NAME>MAIN</CONTROLLER_NAME>
      <CMPNAME>WDDOBEFOREACTION</CMPNAME>
      <LANGU>E</LANGU>
      <DESCRIPTION>Method for Validation of User Input</DESCRIPTION>
     </WDY_CTLR_COMPOT>
     <WDY_CTLR_COMPOT>
      <COMPONENT_NAME>ZIT_LAUNCHER</COMPONENT_NAME>
      <CONTROLLER_NAME>MAIN</CONTROLLER_NAME>
      <CMPNAME>WDDOEXIT</CMPNAME>
      <LANGU>E</LANGU>
      <DESCRIPTION>Controller Clean-Up Method</DESCRIPTION>
     </WDY_CTLR_COMPOT>
     <WDY_CTLR_COMPOT>
      <COMPONENT_NAME>ZIT_LAUNCHER</COMPONENT_NAME>
      <CONTROLLER_NAME>MAIN</CONTROLLER_NAME>
      <CMPNAME>WDDOINIT</CMPNAME>
      <LANGU>E</LANGU>
      <DESCRIPTION>Controller Initialization Method</DESCRIPTION>
     </WDY_CTLR_COMPOT>
     <WDY_CTLR_COMPOT>
      <COMPONENT_NAME>ZIT_LAUNCHER</COMPONENT_NAME>
      <CONTROLLER_NAME>MAIN</CONTROLLER_NAME>
      <CMPNAME>WDDOMODIFYVIEW</CMPNAME>
      <LANGU>E</LANGU>
      <DESCRIPTION>Method for Modifying the View Before Rendering</DESCRIPTION>
     </WDY_CTLR_COMPOT>
     <WDY_CTLR_COMPOT>
      <COMPONENT_NAME>ZIT_LAUNCHER</COMPONENT_NAME>
      <CONTROLLER_NAME>MAIN</CONTROLLER_NAME>
      <CMPNAME>WDDOONCONTEXTMENU</CMPNAME>
      <LANGU>E</LANGU>
      <DESCRIPTION>Method for Modifying the Context Menu</DESCRIPTION>
     </WDY_CTLR_COMPOT>
    </WDY_CTLR_COMPOT_TABLE>
    <WDY_CTLR_PARAM_TABLE>
     <WDY_CTLR_PARAM>
      <COMPONENT_NAME>ZIT_LAUNCHER</COMPONENT_NAME>
      <CONTROLLER_NAME>MAIN</CONTROLLER_NAME>
      <CMPNAME>WDDOMODIFYVIEW</CMPNAME>
      <PARAMETER_NAME>FIRST_TIME</PARAMETER_NAME>
      <VERSION>A</VERSION>
      <PARAM_POSITION>1 </PARAM_POSITION>
      <DECLARATION_TYPE>0</DECLARATION_TYPE>
      <ABAP_TYPING>0</ABAP_TYPING>
      <ABAP_TYPE>WDY_BOOLEAN</ABAP_TYPE>
      <WD_TYPE_NAME></WD_TYPE_NAME>
      <DISPLAY_NAME>FIRST_TIME</DISPLAY_NAME>
      <DEFAULT_VALUE></DEFAULT_VALUE>
      <OPTIONAL></OPTIONAL>
     </WDY_CTLR_PARAM>
     <WDY_CTLR_PARAM>
      <COMPONENT_NAME>ZIT_LAUNCHER</COMPONENT_NAME>
      <CONTROLLER_NAME>MAIN</CONTROLLER_NAME>
      <CMPNAME>WDDOMODIFYVIEW</CMPNAME>
      <PARAMETER_NAME>VIEW</PARAMETER_NAME>
      <VERSION>A</VERSION>
      <PARAM_POSITION>2 </PARAM_POSITION>
      <DECLARATION_TYPE>0</DECLARATION_TYPE>
      <ABAP_TYPING>1</ABAP_TYPING>
      <ABAP_TYPE>IF_WD_VIEW</ABAP_TYPE>
      <WD_TYPE_NAME></WD_TYPE_NAME>
      <DISPLAY_NAME>VIEW</DISPLAY_NAME>
      <DEFAULT_VALUE></DEFAULT_VALUE>
      <OPTIONAL></OPTIONAL>
     </WDY_CTLR_PARAM>
     <WDY_CTLR_PARAM>
      <COMPONENT_NAME>ZIT_LAUNCHER</COMPONENT_NAME>
      <CONTROLLER_NAME>MAIN</CONTROLLER_NAME>
      <CMPNAME>WDDOONCONTEXTMENU</CMPNAME>
      <PARAMETER_NAME>CONTEXT_MENU_EVENT</PARAMETER_NAME>
      <VERSION>A</VERSION>
      <PARAM_POSITION>1 </PARAM_POSITION>
      <DECLARATION_TYPE>0</DECLARATION_TYPE>
      <ABAP_TYPING>1</ABAP_TYPING>
      <ABAP_TYPE>IF_WD_CONTEXT_MENU_EVENT</ABAP_TYPE>
      <WD_TYPE_NAME></WD_TYPE_NAME>
      <DISPLAY_NAME>CONTEXT_MENU_EVENT</DISPLAY_NAME>
      <DEFAULT_VALUE></DEFAULT_VALUE>
      <OPTIONAL></OPTIONAL>
     </WDY_CTLR_PARAM>
     <WDY_CTLR_PARAM>
      <COMPONENT_NAME>ZIT_LAUNCHER</COMPONENT_NAME>
      <CONTROLLER_NAME>MAIN</CONTROLLER_NAME>
      <CMPNAME>WDDOONCONTEXTMENU</CMPNAME>
      <PARAMETER_NAME>CONTEXT_MENU_MANAGER</PARAMETER_NAME>
      <VERSION>A</VERSION>
      <PARAM_POSITION>2 </PARAM_POSITION>
      <DECLARATION_TYPE>0</DECLARATION_TYPE>
      <ABAP_TYPING>1</ABAP_TYPING>
      <ABAP_TYPE>IF_WD_CONTEXT_MENU_MANAGER</ABAP_TYPE>
      <WD_TYPE_NAME></WD_TYPE_NAME>
      <DISPLAY_NAME>CONTEXT_MENU_MANAGER</DISPLAY_NAME>
      <DEFAULT_VALUE></DEFAULT_VALUE>
      <OPTIONAL></OPTIONAL>
     </WDY_CTLR_PARAM>
     <WDY_CTLR_PARAM>
      <COMPONENT_NAME>ZIT_LAUNCHER</COMPONENT_NAME>
      <CONTROLLER_NAME>MAIN</CONTROLLER_NAME>
      <CMPNAME>WDDOONCONTEXTMENU</CMPNAME>
      <PARAMETER_NAME>MENU</PARAMETER_NAME>
      <VERSION>A</VERSION>
      <PARAM_POSITION>3 </PARAM_POSITION>
      <DECLARATION_TYPE>3</DECLARATION_TYPE>
      <ABAP_TYPING>1</ABAP_TYPING>
      <ABAP_TYPE>CL_WD_MENU</ABAP_TYPE>
      <WD_TYPE_NAME></WD_TYPE_NAME>
      <DISPLAY_NAME>MENU</DISPLAY_NAME>
      <DEFAULT_VALUE></DEFAULT_VALUE>
      <OPTIONAL></OPTIONAL>
     </WDY_CTLR_PARAM>
    </WDY_CTLR_PARAM_TABLE>
    <WDY_CTLR_PARAMT_TABLE/>
    <WDY_CTX_NODE_TABLE>
     <WDY_CTX_NODE>
      <COMPONENT_NAME>ZIT_LAUNCHER</COMPONENT_NAME>
      <CONTROLLER_NAME>MAIN</CONTROLLER_NAME>
      <NODE_NAME>CONTEXT</NODE_NAME>
      <VERSION>A</VERSION>
      <NODE_TYPE>CL_WDY_MD_CONTEXT_VALUE_NODE</NODE_TYPE>
      <PARENT_NODE_NAME></PARENT_NODE_NAME>
      <NODE_POSITION>0 </NODE_POSITION>
      <SUPPLY_FUNC_NAME></SUPPLY_FUNC_NAME>
      <COLLECTION_TYPE>03</COLLECTION_TYPE>
      <CARDINALITY>01</CARDINALITY>
      <SELECTION>01</SELECTION>
      <SINGLETON>X</SINGLETON>
      <DISPLAY_NAME>CONTEXT</DISPLAY_NAME>
      <REPEATED_NODE></REPEATED_NODE>
      <ABAP_TYPE></ABAP_TYPE>
      <ABAP_TYPING>0</ABAP_TYPING>
      <INIT_LEAD_SELECT>X</INIT_LEAD_SELECT>
      <IS_INTF_ITEM></IS_INTF_ITEM>
      <IS_INPUT_ELEMENT></IS_INPUT_ELEMENT>
      <PRIMARY_ATTR></PRIMARY_ATTR>
     </WDY_CTX_NODE>
    </WDY_CTX_NODE_TABLE>
    <WDY_CTX_ATTRIB_TABLE/>
    <WDY_CTX_MAPPING_TABLE/>
    <WDY_FIELDGROUP_TABLE/>
    <WDY_CTLR_EXC_TABLE/>
    <WDY_CTLR_EXCT_TABLE/>
   </WDY_MD_CONTROLLER_META_DATA>
   <WDY_MD_CONTROLLER_META_DATA>
    <DEFINITION>
     <COMPONENT_NAME>ZIT_LAUNCHER</COMPONENT_NAME>
     <CONTROLLER_NAME>ZIT_LAUNCHER</CONTROLLER_NAME>
     <VERSION>A</VERSION>
     <CONTROLLER_TYPE>06</CONTROLLER_TYPE>
     <CONTEXT>CONTEXT</CONTEXT>
     <DISPLAY_NAME>ZIT_LAUNCHER</DISPLAY_NAME>
     <RUNTIME_OBJECT></RUNTIME_OBJECT>
     <AUTHOR></AUTHOR>
     <CREATEDON>00000000</CREATEDON>
     <CHANGEDBY></CHANGEDBY>
     <CHANGEDON>00000000</CHANGEDON>
    </DEFINITION>
    <WDY_CONTROLLERT_TABLE/>
    <WDY_CTLR_USAGE_TABLE>
     <WDY_CTLR_USAGE>
      <COMPONENT_NAME>ZIT_LAUNCHER</COMPONENT_NAME>
      <CONTROLLER_NAME>ZIT_LAUNCHER</CONTROLLER_NAME>
      <CTLR_USAGE_NAME>00O2TPAMM2Q93ANXA7XZ4CPGU</CTLR_USAGE_NAME>
      <VERSION>A</VERSION>
      <COMPONENT_USAGE></COMPONENT_USAGE>
      <USED_CONTROLLER>COMPONENTCONTROLLER</USED_CONTROLLER>
     </WDY_CTLR_USAGE>
    </WDY_CTLR_USAGE_TABLE>
    <WDY_CTLR_COMPO_TABLE/>
    <WDY_CTLR_COMPOT_TABLE>
     <WDY_CTLR_COMPOT>
      <COMPONENT_NAME>ZIT_LAUNCHER</COMPONENT_NAME>
      <CONTROLLER_NAME>ZIT_LAUNCHER</CONTROLLER_NAME>
      <CMPNAME>WDDOEXIT</CMPNAME>
      <LANGU>E</LANGU>
      <DESCRIPTION>Controller Clean-Up Method</DESCRIPTION>
     </WDY_CTLR_COMPOT>
     <WDY_CTLR_COMPOT>
      <COMPONENT_NAME>ZIT_LAUNCHER</COMPONENT_NAME>
      <CONTROLLER_NAME>ZIT_LAUNCHER</CONTROLLER_NAME>
      <CMPNAME>WDDOINIT</CMPNAME>
      <LANGU>E</LANGU>
      <DESCRIPTION>Controller Initialization Method</DESCRIPTION>
     </WDY_CTLR_COMPOT>
     <WDY_CTLR_COMPOT>
      <COMPONENT_NAME>ZIT_LAUNCHER</COMPONENT_NAME>
      <CONTROLLER_NAME>ZIT_LAUNCHER</CONTROLLER_NAME>
      <CMPNAME>WDDOONCLOSE</CMPNAME>
      <LANGU>E</LANGU>
      <DESCRIPTION>Handling When Closing the Window</DESCRIPTION>
     </WDY_CTLR_COMPOT>
     <WDY_CTLR_COMPOT>
      <COMPONENT_NAME>ZIT_LAUNCHER</COMPONENT_NAME>
      <CONTROLLER_NAME>ZIT_LAUNCHER</CONTROLLER_NAME>
      <CMPNAME>WDDOONOPEN</CMPNAME>
      <LANGU>E</LANGU>
      <DESCRIPTION>Handling When Opening the Window</DESCRIPTION>
     </WDY_CTLR_COMPOT>
    </WDY_CTLR_COMPOT_TABLE>
    <WDY_CTLR_PARAM_TABLE>
     <WDY_CTLR_PARAM>
      <COMPONENT_NAME>ZIT_LAUNCHER</COMPONENT_NAME>
      <CONTROLLER_NAME>ZIT_LAUNCHER</CONTROLLER_NAME>
      <CMPNAME>HANDLEDEFAULT</CMPNAME>
      <PARAMETER_NAME>APPLICATION</PARAMETER_NAME>
      <VERSION>A</VERSION>
      <PARAM_POSITION>1 </PARAM_POSITION>
      <DECLARATION_TYPE>0</DECLARATION_TYPE>
      <ABAP_TYPING>0</ABAP_TYPING>
      <ABAP_TYPE>STRING</ABAP_TYPE>
      <WD_TYPE_NAME></WD_TYPE_NAME>
      <DISPLAY_NAME>APPLICATION</DISPLAY_NAME>
      <DEFAULT_VALUE></DEFAULT_VALUE>
      <OPTIONAL>X</OPTIONAL>
     </WDY_CTLR_PARAM>
     <WDY_CTLR_PARAM>
      <COMPONENT_NAME>ZIT_LAUNCHER</COMPONENT_NAME>
      <CONTROLLER_NAME>ZIT_LAUNCHER</CONTROLLER_NAME>
      <CMPNAME>HANDLEDEFAULT</CMPNAME>
      <PARAMETER_NAME>CONFIGURATION</PARAMETER_NAME>
      <VERSION>A</VERSION>
      <PARAM_POSITION>2 </PARAM_POSITION>
      <DECLARATION_TYPE>0</DECLARATION_TYPE>
      <ABAP_TYPING>0</ABAP_TYPING>
      <ABAP_TYPE>STRING</ABAP_TYPE>
      <WD_TYPE_NAME></WD_TYPE_NAME>
      <DISPLAY_NAME>CONFIGURATION</DISPLAY_NAME>
      <DEFAULT_VALUE></DEFAULT_VALUE>
      <OPTIONAL>X</OPTIONAL>
     </WDY_CTLR_PARAM>
     <WDY_CTLR_PARAM>
      <COMPONENT_NAME>ZIT_LAUNCHER</COMPONENT_NAME>
      <CONTROLLER_NAME>ZIT_LAUNCHER</CONTROLLER_NAME>
      <CMPNAME>HANDLEDEFAULT</CMPNAME>
      <PARAMETER_NAME>METHOD</PARAMETER_NAME>
      <VERSION>A</VERSION>
      <PARAM_POSITION>3 </PARAM_POSITION>
      <DECLARATION_TYPE>0</DECLARATION_TYPE>
      <ABAP_TYPING>0</ABAP_TYPING>
      <ABAP_TYPE>STRING</ABAP_TYPE>
      <WD_TYPE_NAME></WD_TYPE_NAME>
      <DISPLAY_NAME>METHOD</DISPLAY_NAME>
      <DEFAULT_VALUE></DEFAULT_VALUE>
      <OPTIONAL>X</OPTIONAL>
     </WDY_CTLR_PARAM>
     <WDY_CTLR_PARAM>
      <COMPONENT_NAME>ZIT_LAUNCHER</COMPONENT_NAME>
      <CONTROLLER_NAME>ZIT_LAUNCHER</CONTROLLER_NAME>
      <CMPNAME>HANDLEDEFAULT</CMPNAME>
      <PARAMETER_NAME>OBJECT</PARAMETER_NAME>
      <VERSION>A</VERSION>
      <PARAM_POSITION>4 </PARAM_POSITION>
      <DECLARATION_TYPE>0</DECLARATION_TYPE>
      <ABAP_TYPING>0</ABAP_TYPING>
      <ABAP_TYPE>STRING</ABAP_TYPE>
      <WD_TYPE_NAME></WD_TYPE_NAME>
      <DISPLAY_NAME>OBJECT</DISPLAY_NAME>
      <DEFAULT_VALUE></DEFAULT_VALUE>
      <OPTIONAL>X</OPTIONAL>
     </WDY_CTLR_PARAM>
     <WDY_CTLR_PARAM>
      <COMPONENT_NAME>ZIT_LAUNCHER</COMPONENT_NAME>
      <CONTROLLER_NAME>ZIT_LAUNCHER</CONTROLLER_NAME>
      <CMPNAME>HANDLEDEFAULT</CMPNAME>
      <PARAMETER_NAME>TRCODE</PARAMETER_NAME>
      <VERSION>A</VERSION>
      <PARAM_POSITION>5 </PARAM_POSITION>
      <DECLARATION_TYPE>0</DECLARATION_TYPE>
      <ABAP_TYPING>0</ABAP_TYPING>
      <ABAP_TYPE>CHAR10</ABAP_TYPE>
      <WD_TYPE_NAME></WD_TYPE_NAME>
      <DISPLAY_NAME>TRCODE</DISPLAY_NAME>
      <DEFAULT_VALUE></DEFAULT_VALUE>
      <OPTIONAL>X</OPTIONAL>
     </WDY_CTLR_PARAM>
     <WDY_CTLR_PARAM>
      <COMPONENT_NAME>ZIT_LAUNCHER</COMPONENT_NAME>
      <CONTROLLER_NAME>ZIT_LAUNCHER</CONTROLLER_NAME>
      <CMPNAME>HANDLEDEFAULT</CMPNAME>
      <PARAMETER_NAME>TYPE</PARAMETER_NAME>
      <VERSION>A</VERSION>
      <PARAM_POSITION>6 </PARAM_POSITION>
      <DECLARATION_TYPE>0</DECLARATION_TYPE>
      <ABAP_TYPING>0</ABAP_TYPING>
      <ABAP_TYPE>CHAR10</ABAP_TYPE>
      <WD_TYPE_NAME></WD_TYPE_NAME>
      <DISPLAY_NAME>TYPE</DISPLAY_NAME>
      <DEFAULT_VALUE></DEFAULT_VALUE>
      <OPTIONAL></OPTIONAL>
     </WDY_CTLR_PARAM>
     <WDY_CTLR_PARAM>
      <COMPONENT_NAME>ZIT_LAUNCHER</COMPONENT_NAME>
      <CONTROLLER_NAME>ZIT_LAUNCHER</CONTROLLER_NAME>
      <CMPNAME>WDDOONOPEN</CMPNAME>
      <PARAMETER_NAME>WINDOW_DESCR</PARAMETER_NAME>
      <VERSION>A</VERSION>
      <PARAM_POSITION>1 </PARAM_POSITION>
      <DECLARATION_TYPE>0</DECLARATION_TYPE>
      <ABAP_TYPING>1</ABAP_TYPING>
      <ABAP_TYPE>IF_WD_WINDOW_DESCRIPTION</ABAP_TYPE>
      <WD_TYPE_NAME></WD_TYPE_NAME>
      <DISPLAY_NAME>WINDOW_DESCR</DISPLAY_NAME>
      <DEFAULT_VALUE></DEFAULT_VALUE>
      <OPTIONAL></OPTIONAL>
     </WDY_CTLR_PARAM>
    </WDY_CTLR_PARAM_TABLE>
    <WDY_CTLR_PARAMT_TABLE/>
    <WDY_CTX_NODE_TABLE>
     <WDY_CTX_NODE>
      <COMPONENT_NAME>ZIT_LAUNCHER</COMPONENT_NAME>
      <CONTROLLER_NAME>ZIT_LAUNCHER</CONTROLLER_NAME>
      <NODE_NAME>CONTEXT</NODE_NAME>
      <VERSION>A</VERSION>
      <NODE_TYPE>CL_WDY_MD_CONTEXT_VALUE_NODE</NODE_TYPE>
      <PARENT_NODE_NAME></PARENT_NODE_NAME>
      <NODE_POSITION>0 </NODE_POSITION>
      <SUPPLY_FUNC_NAME></SUPPLY_FUNC_NAME>
      <COLLECTION_TYPE>03</COLLECTION_TYPE>
      <CARDINALITY>01</CARDINALITY>
      <SELECTION>01</SELECTION>
      <SINGLETON>X</SINGLETON>
      <DISPLAY_NAME>CONTEXT</DISPLAY_NAME>
      <REPEATED_NODE></REPEATED_NODE>
      <ABAP_TYPE></ABAP_TYPE>
      <ABAP_TYPING>0</ABAP_TYPING>
      <INIT_LEAD_SELECT>X</INIT_LEAD_SELECT>
      <IS_INTF_ITEM></IS_INTF_ITEM>
      <IS_INPUT_ELEMENT></IS_INPUT_ELEMENT>
      <PRIMARY_ATTR></PRIMARY_ATTR>
     </WDY_CTX_NODE>
    </WDY_CTX_NODE_TABLE>
    <WDY_CTX_ATTRIB_TABLE/>
    <WDY_CTX_MAPPING_TABLE/>
    <WDY_FIELDGROUP_TABLE/>
    <WDY_CTLR_EXC_TABLE/>
    <WDY_CTLR_EXCT_TABLE/>
   </WDY_MD_CONTROLLER_META_DATA>
  </WDY_MD_CONTROLLER_META_DATA_T>
 </WDY_COMPONENT_METADATA>
 <COMPONENTS>
  <WDY_CTLR_COMPO_VRS>
   <COMPONENT_NAME>ZIT_LAUNCHER</COMPONENT_NAME>
   <CONTROLLER_NAME>COMPONENTCONTROLLER</CONTROLLER_NAME>
   <CMPNAME>NAVIGATE_OBN</CMPNAME>
   <VERSION>A</VERSION>
   <CMPTYPE>CL_WDY_MD_CONTROLLER_METHOD</CMPTYPE>
   <CMP_POSITION>0 </CMP_POSITION>
   <VISIBILITY>2</VISIBILITY>
   <ERR_HANDLER_NAME></ERR_HANDLER_NAME>
   <REF_COMPONENT></REF_COMPONENT>
   <REF_CTLR_NAME></REF_CTLR_NAME>
   <REF_CMPNAME></REF_CMPNAME>
   <REF_VIEW_NAME></REF_VIEW_NAME>
   <REF_PLUG_NAME></REF_PLUG_NAME>
   <DISPLAY_NAME>NAVIGATE_OBN</DISPLAY_NAME>
   <ACTION_TYPE>0</ACTION_TYPE>
   <EVENT_SOURCE></EVENT_SOURCE>
   <ABAP_TYPING>0</ABAP_TYPING>
   <ABAP_TYPE></ABAP_TYPE>
   <READ_ONLY></READ_ONLY>
   <IS_INTF_ITEM></IS_INTF_ITEM>
  </WDY_CTLR_COMPO_VRS>
  <WDY_CTLR_COMPO_VRS>
   <COMPONENT_NAME>ZIT_LAUNCHER</COMPONENT_NAME>
   <CONTROLLER_NAME>COMPONENTCONTROLLER</CONTROLLER_NAME>
   <CMPNAME>NAVIGATE_TRCODE</CMPNAME>
   <VERSION>A</VERSION>
   <CMPTYPE>CL_WDY_MD_CONTROLLER_METHOD</CMPTYPE>
   <CMP_POSITION>0 </CMP_POSITION>
   <VISIBILITY>2</VISIBILITY>
   <ERR_HANDLER_NAME></ERR_HANDLER_NAME>
   <REF_COMPONENT></REF_COMPONENT>
   <REF_CTLR_NAME></REF_CTLR_NAME>
   <REF_CMPNAME></REF_CMPNAME>
   <REF_VIEW_NAME></REF_VIEW_NAME>
   <REF_PLUG_NAME></REF_PLUG_NAME>
   <DISPLAY_NAME>NAVIGATE_TRCODE</DISPLAY_NAME>
   <ACTION_TYPE>0</ACTION_TYPE>
   <EVENT_SOURCE></EVENT_SOURCE>
   <ABAP_TYPING>0</ABAP_TYPING>
   <ABAP_TYPE></ABAP_TYPE>
   <READ_ONLY></READ_ONLY>
   <IS_INTF_ITEM></IS_INTF_ITEM>
  </WDY_CTLR_COMPO_VRS>
  <WDY_CTLR_COMPO_VRS>
   <COMPONENT_NAME>ZIT_LAUNCHER</COMPONENT_NAME>
   <CONTROLLER_NAME>COMPONENTCONTROLLER</CONTROLLER_NAME>
   <CMPNAME>NAVIGATE_WDA</CMPNAME>
   <VERSION>A</VERSION>
   <CMPTYPE>CL_WDY_MD_CONTROLLER_METHOD</CMPTYPE>
   <CMP_POSITION>0 </CMP_POSITION>
   <VISIBILITY>2</VISIBILITY>
   <ERR_HANDLER_NAME></ERR_HANDLER_NAME>
   <REF_COMPONENT></REF_COMPONENT>
   <REF_CTLR_NAME></REF_CTLR_NAME>
   <REF_CMPNAME></REF_CMPNAME>
   <REF_VIEW_NAME></REF_VIEW_NAME>
   <REF_PLUG_NAME></REF_PLUG_NAME>
   <DISPLAY_NAME>NAVIGATE_WDA</DISPLAY_NAME>
   <ACTION_TYPE>0</ACTION_TYPE>
   <EVENT_SOURCE></EVENT_SOURCE>
   <ABAP_TYPING>0</ABAP_TYPING>
   <ABAP_TYPE></ABAP_TYPE>
   <READ_ONLY></READ_ONLY>
   <IS_INTF_ITEM></IS_INTF_ITEM>
  </WDY_CTLR_COMPO_VRS>
  <WDY_CTLR_COMPO_VRS>
   <COMPONENT_NAME>ZIT_LAUNCHER</COMPONENT_NAME>
   <CONTROLLER_NAME>COMPONENTCONTROLLER</CONTROLLER_NAME>
   <CMPNAME>WDDOAPPLICATIONSTATECHANGE</CMPNAME>
   <VERSION>A</VERSION>
   <CMPTYPE>CL_WDY_MD_CONTROLLER_METHOD</CMPTYPE>
   <CMP_POSITION>0 </CMP_POSITION>
   <VISIBILITY>2</VISIBILITY>
   <ERR_HANDLER_NAME></ERR_HANDLER_NAME>
   <REF_COMPONENT></REF_COMPONENT>
   <REF_CTLR_NAME></REF_CTLR_NAME>
   <REF_CMPNAME></REF_CMPNAME>
   <REF_VIEW_NAME></REF_VIEW_NAME>
   <REF_PLUG_NAME></REF_PLUG_NAME>
   <DISPLAY_NAME>WDDOAPPLICATIONSTATECHANGE</DISPLAY_NAME>
   <ACTION_TYPE>0</ACTION_TYPE>
   <EVENT_SOURCE></EVENT_SOURCE>
   <ABAP_TYPING>0</ABAP_TYPING>
   <ABAP_TYPE></ABAP_TYPE>
   <READ_ONLY></READ_ONLY>
   <IS_INTF_ITEM></IS_INTF_ITEM>
  </WDY_CTLR_COMPO_VRS>
  <WDY_CTLR_COMPO_VRS>
   <COMPONENT_NAME>ZIT_LAUNCHER</COMPONENT_NAME>
   <CONTROLLER_NAME>COMPONENTCONTROLLER</CONTROLLER_NAME>
   <CMPNAME>WDDOBEFORENAVIGATION</CMPNAME>
   <VERSION>A</VERSION>
   <CMPTYPE>CL_WDY_MD_CONTROLLER_METHOD</CMPTYPE>
   <CMP_POSITION>0 </CMP_POSITION>
   <VISIBILITY>2</VISIBILITY>
   <ERR_HANDLER_NAME></ERR_HANDLER_NAME>
   <REF_COMPONENT></REF_COMPONENT>
   <REF_CTLR_NAME></REF_CTLR_NAME>
   <REF_CMPNAME></REF_CMPNAME>
   <REF_VIEW_NAME></REF_VIEW_NAME>
   <REF_PLUG_NAME></REF_PLUG_NAME>
   <DISPLAY_NAME>WDDOBEFORENAVIGATION</DISPLAY_NAME>
   <ACTION_TYPE>0</ACTION_TYPE>
   <EVENT_SOURCE></EVENT_SOURCE>
   <ABAP_TYPING>0</ABAP_TYPING>
   <ABAP_TYPE></ABAP_TYPE>
   <READ_ONLY></READ_ONLY>
   <IS_INTF_ITEM></IS_INTF_ITEM>
  </WDY_CTLR_COMPO_VRS>
  <WDY_CTLR_COMPO_VRS>
   <COMPONENT_NAME>ZIT_LAUNCHER</COMPONENT_NAME>
   <CONTROLLER_NAME>COMPONENTCONTROLLER</CONTROLLER_NAME>
   <CMPNAME>WDDOEXIT</CMPNAME>
   <VERSION>A</VERSION>
   <CMPTYPE>CL_WDY_MD_CONTROLLER_METHOD</CMPTYPE>
   <CMP_POSITION>0 </CMP_POSITION>
   <VISIBILITY>2</VISIBILITY>
   <ERR_HANDLER_NAME></ERR_HANDLER_NAME>
   <REF_COMPONENT></REF_COMPONENT>
   <REF_CTLR_NAME></REF_CTLR_NAME>
   <REF_CMPNAME></REF_CMPNAME>
   <REF_VIEW_NAME></REF_VIEW_NAME>
   <REF_PLUG_NAME></REF_PLUG_NAME>
   <DISPLAY_NAME>WDDOEXIT</DISPLAY_NAME>
   <ACTION_TYPE>0</ACTION_TYPE>
   <EVENT_SOURCE></EVENT_SOURCE>
   <ABAP_TYPING>0</ABAP_TYPING>
   <ABAP_TYPE></ABAP_TYPE>
   <READ_ONLY></READ_ONLY>
   <IS_INTF_ITEM></IS_INTF_ITEM>
  </WDY_CTLR_COMPO_VRS>
  <WDY_CTLR_COMPO_VRS>
   <COMPONENT_NAME>ZIT_LAUNCHER</COMPONENT_NAME>
   <CONTROLLER_NAME>COMPONENTCONTROLLER</CONTROLLER_NAME>
   <CMPNAME>WDDOINIT</CMPNAME>
   <VERSION>A</VERSION>
   <CMPTYPE>CL_WDY_MD_CONTROLLER_METHOD</CMPTYPE>
   <CMP_POSITION>0 </CMP_POSITION>
   <VISIBILITY>2</VISIBILITY>
   <ERR_HANDLER_NAME></ERR_HANDLER_NAME>
   <REF_COMPONENT></REF_COMPONENT>
   <REF_CTLR_NAME></REF_CTLR_NAME>
   <REF_CMPNAME></REF_CMPNAME>
   <REF_VIEW_NAME></REF_VIEW_NAME>
   <REF_PLUG_NAME></REF_PLUG_NAME>
   <DISPLAY_NAME>WDDOINIT</DISPLAY_NAME>
   <ACTION_TYPE>0</ACTION_TYPE>
   <EVENT_SOURCE></EVENT_SOURCE>
   <ABAP_TYPING>0</ABAP_TYPING>
   <ABAP_TYPE></ABAP_TYPE>
   <READ_ONLY></READ_ONLY>
   <IS_INTF_ITEM></IS_INTF_ITEM>
  </WDY_CTLR_COMPO_VRS>
  <WDY_CTLR_COMPO_VRS>
   <COMPONENT_NAME>ZIT_LAUNCHER</COMPONENT_NAME>
   <CONTROLLER_NAME>COMPONENTCONTROLLER</CONTROLLER_NAME>
   <CMPNAME>WDDOPOSTPROCESSING</CMPNAME>
   <VERSION>A</VERSION>
   <CMPTYPE>CL_WDY_MD_CONTROLLER_METHOD</CMPTYPE>
   <CMP_POSITION>0 </CMP_POSITION>
   <VISIBILITY>2</VISIBILITY>
   <ERR_HANDLER_NAME></ERR_HANDLER_NAME>
   <REF_COMPONENT></REF_COMPONENT>
   <REF_CTLR_NAME></REF_CTLR_NAME>
   <REF_CMPNAME></REF_CMPNAME>
   <REF_VIEW_NAME></REF_VIEW_NAME>
   <REF_PLUG_NAME></REF_PLUG_NAME>
   <DISPLAY_NAME>WDDOPOSTPROCESSING</DISPLAY_NAME>
   <ACTION_TYPE>0</ACTION_TYPE>
   <EVENT_SOURCE></EVENT_SOURCE>
   <ABAP_TYPING>0</ABAP_TYPING>
   <ABAP_TYPE></ABAP_TYPE>
   <READ_ONLY></READ_ONLY>
   <IS_INTF_ITEM></IS_INTF_ITEM>
  </WDY_CTLR_COMPO_VRS>
  <WDY_CTLR_COMPO_VRS>
   <COMPONENT_NAME>ZIT_LAUNCHER</COMPONENT_NAME>
   <CONTROLLER_NAME>MAIN</CONTROLLER_NAME>
   <CMPNAME>EXIT</CMPNAME>
   <VERSION>A</VERSION>
   <CMPTYPE>CL_WDY_MD_CONTROLLER_METHOD</CMPTYPE>
   <CMP_POSITION>0 </CMP_POSITION>
   <VISIBILITY>2</VISIBILITY>
   <ERR_HANDLER_NAME></ERR_HANDLER_NAME>
   <REF_COMPONENT></REF_COMPONENT>
   <REF_CTLR_NAME></REF_CTLR_NAME>
   <REF_CMPNAME></REF_CMPNAME>
   <REF_VIEW_NAME></REF_VIEW_NAME>
   <REF_PLUG_NAME></REF_PLUG_NAME>
   <DISPLAY_NAME>EXIT</DISPLAY_NAME>
   <ACTION_TYPE>0</ACTION_TYPE>
   <EVENT_SOURCE></EVENT_SOURCE>
   <ABAP_TYPING>0</ABAP_TYPING>
   <ABAP_TYPE></ABAP_TYPE>
   <READ_ONLY></READ_ONLY>
   <IS_INTF_ITEM></IS_INTF_ITEM>
  </WDY_CTLR_COMPO_VRS>
  <WDY_CTLR_COMPO_VRS>
   <COMPONENT_NAME>ZIT_LAUNCHER</COMPONENT_NAME>
   <CONTROLLER_NAME>MAIN</CONTROLLER_NAME>
   <CMPNAME>WDDOAFTERACTION</CMPNAME>
   <VERSION>A</VERSION>
   <CMPTYPE>CL_WDY_MD_CONTROLLER_METHOD</CMPTYPE>
   <CMP_POSITION>0 </CMP_POSITION>
   <VISIBILITY>2</VISIBILITY>
   <ERR_HANDLER_NAME></ERR_HANDLER_NAME>
   <REF_COMPONENT></REF_COMPONENT>
   <REF_CTLR_NAME></REF_CTLR_NAME>
   <REF_CMPNAME></REF_CMPNAME>
   <REF_VIEW_NAME></REF_VIEW_NAME>
   <REF_PLUG_NAME></REF_PLUG_NAME>
   <DISPLAY_NAME>WDDOAFTERACTION</DISPLAY_NAME>
   <ACTION_TYPE>0</ACTION_TYPE>
   <EVENT_SOURCE></EVENT_SOURCE>
   <ABAP_TYPING>0</ABAP_TYPING>
   <ABAP_TYPE></ABAP_TYPE>
   <READ_ONLY></READ_ONLY>
   <IS_INTF_ITEM></IS_INTF_ITEM>
  </WDY_CTLR_COMPO_VRS>
  <WDY_CTLR_COMPO_VRS>
   <COMPONENT_NAME>ZIT_LAUNCHER</COMPONENT_NAME>
   <CONTROLLER_NAME>MAIN</CONTROLLER_NAME>
   <CMPNAME>WDDOBEFOREACTION</CMPNAME>
   <VERSION>A</VERSION>
   <CMPTYPE>CL_WDY_MD_CONTROLLER_METHOD</CMPTYPE>
   <CMP_POSITION>0 </CMP_POSITION>
   <VISIBILITY>2</VISIBILITY>
   <ERR_HANDLER_NAME></ERR_HANDLER_NAME>
   <REF_COMPONENT></REF_COMPONENT>
   <REF_CTLR_NAME></REF_CTLR_NAME>
   <REF_CMPNAME></REF_CMPNAME>
   <REF_VIEW_NAME></REF_VIEW_NAME>
   <REF_PLUG_NAME></REF_PLUG_NAME>
   <DISPLAY_NAME>WDDOBEFOREACTION</DISPLAY_NAME>
   <ACTION_TYPE>0</ACTION_TYPE>
   <EVENT_SOURCE></EVENT_SOURCE>
   <ABAP_TYPING>0</ABAP_TYPING>
   <ABAP_TYPE></ABAP_TYPE>
   <READ_ONLY></READ_ONLY>
   <IS_INTF_ITEM></IS_INTF_ITEM>
  </WDY_CTLR_COMPO_VRS>
  <WDY_CTLR_COMPO_VRS>
   <COMPONENT_NAME>ZIT_LAUNCHER</COMPONENT_NAME>
   <CONTROLLER_NAME>MAIN</CONTROLLER_NAME>
   <CMPNAME>WDDOEXIT</CMPNAME>
   <VERSION>A</VERSION>
   <CMPTYPE>CL_WDY_MD_CONTROLLER_METHOD</CMPTYPE>
   <CMP_POSITION>0 </CMP_POSITION>
   <VISIBILITY>2</VISIBILITY>
   <ERR_HANDLER_NAME></ERR_HANDLER_NAME>
   <REF_COMPONENT></REF_COMPONENT>
   <REF_CTLR_NAME></REF_CTLR_NAME>
   <REF_CMPNAME></REF_CMPNAME>
   <REF_VIEW_NAME></REF_VIEW_NAME>
   <REF_PLUG_NAME></REF_PLUG_NAME>
   <DISPLAY_NAME>WDDOEXIT</DISPLAY_NAME>
   <ACTION_TYPE>0</ACTION_TYPE>
   <EVENT_SOURCE></EVENT_SOURCE>
   <ABAP_TYPING>0</ABAP_TYPING>
   <ABAP_TYPE></ABAP_TYPE>
   <READ_ONLY></READ_ONLY>
   <IS_INTF_ITEM></IS_INTF_ITEM>
  </WDY_CTLR_COMPO_VRS>
  <WDY_CTLR_COMPO_VRS>
   <COMPONENT_NAME>ZIT_LAUNCHER</COMPONENT_NAME>
   <CONTROLLER_NAME>MAIN</CONTROLLER_NAME>
   <CMPNAME>WDDOINIT</CMPNAME>
   <VERSION>A</VERSION>
   <CMPTYPE>CL_WDY_MD_CONTROLLER_METHOD</CMPTYPE>
   <CMP_POSITION>0 </CMP_POSITION>
   <VISIBILITY>2</VISIBILITY>
   <ERR_HANDLER_NAME></ERR_HANDLER_NAME>
   <REF_COMPONENT></REF_COMPONENT>
   <REF_CTLR_NAME></REF_CTLR_NAME>
   <REF_CMPNAME></REF_CMPNAME>
   <REF_VIEW_NAME></REF_VIEW_NAME>
   <REF_PLUG_NAME></REF_PLUG_NAME>
   <DISPLAY_NAME>WDDOINIT</DISPLAY_NAME>
   <ACTION_TYPE>0</ACTION_TYPE>
   <EVENT_SOURCE></EVENT_SOURCE>
   <ABAP_TYPING>0</ABAP_TYPING>
   <ABAP_TYPE></ABAP_TYPE>
   <READ_ONLY></READ_ONLY>
   <IS_INTF_ITEM></IS_INTF_ITEM>
  </WDY_CTLR_COMPO_VRS>
  <WDY_CTLR_COMPO_VRS>
   <COMPONENT_NAME>ZIT_LAUNCHER</COMPONENT_NAME>
   <CONTROLLER_NAME>MAIN</CONTROLLER_NAME>
   <CMPNAME>WDDOMODIFYVIEW</CMPNAME>
   <VERSION>A</VERSION>
   <CMPTYPE>CL_WDY_MD_CONTROLLER_METHOD</CMPTYPE>
   <CMP_POSITION>0 </CMP_POSITION>
   <VISIBILITY>2</VISIBILITY>
   <ERR_HANDLER_NAME></ERR_HANDLER_NAME>
   <REF_COMPONENT></REF_COMPONENT>
   <REF_CTLR_NAME></REF_CTLR_NAME>
   <REF_CMPNAME></REF_CMPNAME>
   <REF_VIEW_NAME></REF_VIEW_NAME>
   <REF_PLUG_NAME></REF_PLUG_NAME>
   <DISPLAY_NAME>WDDOMODIFYVIEW</DISPLAY_NAME>
   <ACTION_TYPE>0</ACTION_TYPE>
   <EVENT_SOURCE></EVENT_SOURCE>
   <ABAP_TYPING>0</ABAP_TYPING>
   <ABAP_TYPE></ABAP_TYPE>
   <READ_ONLY></READ_ONLY>
   <IS_INTF_ITEM></IS_INTF_ITEM>
  </WDY_CTLR_COMPO_VRS>
  <WDY_CTLR_COMPO_VRS>
   <COMPONENT_NAME>ZIT_LAUNCHER</COMPONENT_NAME>
   <CONTROLLER_NAME>MAIN</CONTROLLER_NAME>
   <CMPNAME>WDDOONCONTEXTMENU</CMPNAME>
   <VERSION>A</VERSION>
   <CMPTYPE>CL_WDY_MD_CONTROLLER_METHOD</CMPTYPE>
   <CMP_POSITION>0 </CMP_POSITION>
   <VISIBILITY>2</VISIBILITY>
   <ERR_HANDLER_NAME></ERR_HANDLER_NAME>
   <REF_COMPONENT></REF_COMPONENT>
   <REF_CTLR_NAME></REF_CTLR_NAME>
   <REF_CMPNAME></REF_CMPNAME>
   <REF_VIEW_NAME></REF_VIEW_NAME>
   <REF_PLUG_NAME></REF_PLUG_NAME>
   <DISPLAY_NAME>WDDOONCONTEXTMENU</DISPLAY_NAME>
   <ACTION_TYPE>0</ACTION_TYPE>
   <EVENT_SOURCE></EVENT_SOURCE>
   <ABAP_TYPING>0</ABAP_TYPING>
   <ABAP_TYPE></ABAP_TYPE>
   <READ_ONLY></READ_ONLY>
   <IS_INTF_ITEM></IS_INTF_ITEM>
  </WDY_CTLR_COMPO_VRS>
  <WDY_CTLR_COMPO_VRS>
   <COMPONENT_NAME>ZIT_LAUNCHER</COMPONENT_NAME>
   <CONTROLLER_NAME>ZIT_LAUNCHER</CONTROLLER_NAME>
   <CMPNAME>HANDLEDEFAULT</CMPNAME>
   <VERSION>A</VERSION>
   <CMPTYPE>CL_WDY_MD_CTLR_EVENT_HANDLER</CMPTYPE>
   <CMP_POSITION>0 </CMP_POSITION>
   <VISIBILITY>2</VISIBILITY>
   <ERR_HANDLER_NAME></ERR_HANDLER_NAME>
   <REF_COMPONENT></REF_COMPONENT>
   <REF_CTLR_NAME></REF_CTLR_NAME>
   <REF_CMPNAME></REF_CMPNAME>
   <REF_VIEW_NAME>ZIT_LAUNCHER</REF_VIEW_NAME>
   <REF_PLUG_NAME>DEFAULT</REF_PLUG_NAME>
   <DISPLAY_NAME>HANDLEDEFAULT</DISPLAY_NAME>
   <ACTION_TYPE>0</ACTION_TYPE>
   <EVENT_SOURCE></EVENT_SOURCE>
   <ABAP_TYPING>0</ABAP_TYPING>
   <ABAP_TYPE></ABAP_TYPE>
   <READ_ONLY></READ_ONLY>
   <IS_INTF_ITEM></IS_INTF_ITEM>
  </WDY_CTLR_COMPO_VRS>
  <WDY_CTLR_COMPO_VRS>
   <COMPONENT_NAME>ZIT_LAUNCHER</COMPONENT_NAME>
   <CONTROLLER_NAME>ZIT_LAUNCHER</CONTROLLER_NAME>
   <CMPNAME>WDDOEXIT</CMPNAME>
   <VERSION>A</VERSION>
   <CMPTYPE>CL_WDY_MD_CONTROLLER_METHOD</CMPTYPE>
   <CMP_POSITION>0 </CMP_POSITION>
   <VISIBILITY>2</VISIBILITY>
   <ERR_HANDLER_NAME></ERR_HANDLER_NAME>
   <REF_COMPONENT></REF_COMPONENT>
   <REF_CTLR_NAME></REF_CTLR_NAME>
   <REF_CMPNAME></REF_CMPNAME>
   <REF_VIEW_NAME></REF_VIEW_NAME>
   <REF_PLUG_NAME></REF_PLUG_NAME>
   <DISPLAY_NAME>WDDOEXIT</DISPLAY_NAME>
   <ACTION_TYPE>0</ACTION_TYPE>
   <EVENT_SOURCE></EVENT_SOURCE>
   <ABAP_TYPING>0</ABAP_TYPING>
   <ABAP_TYPE></ABAP_TYPE>
   <READ_ONLY></READ_ONLY>
   <IS_INTF_ITEM></IS_INTF_ITEM>
  </WDY_CTLR_COMPO_VRS>
  <WDY_CTLR_COMPO_VRS>
   <COMPONENT_NAME>ZIT_LAUNCHER</COMPONENT_NAME>
   <CONTROLLER_NAME>ZIT_LAUNCHER</CONTROLLER_NAME>
   <CMPNAME>WDDOINIT</CMPNAME>
   <VERSION>A</VERSION>
   <CMPTYPE>CL_WDY_MD_CONTROLLER_METHOD</CMPTYPE>
   <CMP_POSITION>0 </CMP_POSITION>
   <VISIBILITY>2</VISIBILITY>
   <ERR_HANDLER_NAME></ERR_HANDLER_NAME>
   <REF_COMPONENT></REF_COMPONENT>
   <REF_CTLR_NAME></REF_CTLR_NAME>
   <REF_CMPNAME></REF_CMPNAME>
   <REF_VIEW_NAME></REF_VIEW_NAME>
   <REF_PLUG_NAME></REF_PLUG_NAME>
   <DISPLAY_NAME>WDDOINIT</DISPLAY_NAME>
   <ACTION_TYPE>0</ACTION_TYPE>
   <EVENT_SOURCE></EVENT_SOURCE>
   <ABAP_TYPING>0</ABAP_TYPING>
   <ABAP_TYPE></ABAP_TYPE>
   <READ_ONLY></READ_ONLY>
   <IS_INTF_ITEM></IS_INTF_ITEM>
  </WDY_CTLR_COMPO_VRS>
  <WDY_CTLR_COMPO_VRS>
   <COMPONENT_NAME>ZIT_LAUNCHER</COMPONENT_NAME>
   <CONTROLLER_NAME>ZIT_LAUNCHER</CONTROLLER_NAME>
   <CMPNAME>WDDOONCLOSE</CMPNAME>
   <VERSION>A</VERSION>
   <CMPTYPE>CL_WDY_MD_CONTROLLER_METHOD</CMPTYPE>
   <CMP_POSITION>0 </CMP_POSITION>
   <VISIBILITY>2</VISIBILITY>
   <ERR_HANDLER_NAME></ERR_HANDLER_NAME>
   <REF_COMPONENT></REF_COMPONENT>
   <REF_CTLR_NAME></REF_CTLR_NAME>
   <REF_CMPNAME></REF_CMPNAME>
   <REF_VIEW_NAME></REF_VIEW_NAME>
   <REF_PLUG_NAME></REF_PLUG_NAME>
   <DISPLAY_NAME>WDDOONCLOSE</DISPLAY_NAME>
   <ACTION_TYPE>0</ACTION_TYPE>
   <EVENT_SOURCE></EVENT_SOURCE>
   <ABAP_TYPING>0</ABAP_TYPING>
   <ABAP_TYPE></ABAP_TYPE>
   <READ_ONLY></READ_ONLY>
   <IS_INTF_ITEM></IS_INTF_ITEM>
  </WDY_CTLR_COMPO_VRS>
  <WDY_CTLR_COMPO_VRS>
   <COMPONENT_NAME>ZIT_LAUNCHER</COMPONENT_NAME>
   <CONTROLLER_NAME>ZIT_LAUNCHER</CONTROLLER_NAME>
   <CMPNAME>WDDOONOPEN</CMPNAME>
   <VERSION>A</VERSION>
   <CMPTYPE>CL_WDY_MD_CONTROLLER_METHOD</CMPTYPE>
   <CMP_POSITION>0 </CMP_POSITION>
   <VISIBILITY>2</VISIBILITY>
   <ERR_HANDLER_NAME></ERR_HANDLER_NAME>
   <REF_COMPONENT></REF_COMPONENT>
   <REF_CTLR_NAME></REF_CTLR_NAME>
   <REF_CMPNAME></REF_CMPNAME>
   <REF_VIEW_NAME></REF_VIEW_NAME>
   <REF_PLUG_NAME></REF_PLUG_NAME>
   <DISPLAY_NAME>WDDOONOPEN</DISPLAY_NAME>
   <ACTION_TYPE>0</ACTION_TYPE>
   <EVENT_SOURCE></EVENT_SOURCE>
   <ABAP_TYPING>0</ABAP_TYPING>
   <ABAP_TYPE></ABAP_TYPE>
   <READ_ONLY></READ_ONLY>
   <IS_INTF_ITEM></IS_INTF_ITEM>
  </WDY_CTLR_COMPO_VRS>
 </COMPONENTS>
 <SOURCES>
  <WDY_CTLR_COMPO_SOURCE_VRS>
   <COMPONENT_NAME>ZIT_LAUNCHER</COMPONENT_NAME>
   <CONTROLLER_NAME>COMPONENTCONTROLLER</CONTROLLER_NAME>
   <CMPNAME>NAVIGATE_OBN</CMPNAME>
   <LINE_NUMBER>1 </LINE_NUMBER>
   <SOURCE_LINE>method NAVIGATE_OBN .</SOURCE_LINE>
  </WDY_CTLR_COMPO_SOURCE_VRS>
  <WDY_CTLR_COMPO_SOURCE_VRS>
   <COMPONENT_NAME>ZIT_LAUNCHER</COMPONENT_NAME>
   <CONTROLLER_NAME>COMPONENTCONTROLLER</CONTROLLER_NAME>
   <CMPNAME>NAVIGATE_OBN</CMPNAME>
   <LINE_NUMBER>2 </LINE_NUMBER>
   <SOURCE_LINE></SOURCE_LINE>
  </WDY_CTLR_COMPO_SOURCE_VRS>
  <WDY_CTLR_COMPO_SOURCE_VRS>
   <COMPONENT_NAME>ZIT_LAUNCHER</COMPONENT_NAME>
   <CONTROLLER_NAME>COMPONENTCONTROLLER</CONTROLLER_NAME>
   <CMPNAME>NAVIGATE_OBN</CMPNAME>
   <LINE_NUMBER>3 </LINE_NUMBER>
   <SOURCE_LINE>  data lr_componentcontroller type ref to ig_componentcontroller .</SOURCE_LINE>
  </WDY_CTLR_COMPO_SOURCE_VRS>
  <WDY_CTLR_COMPO_SOURCE_VRS>
   <COMPONENT_NAME>ZIT_LAUNCHER</COMPONENT_NAME>
   <CONTROLLER_NAME>COMPONENTCONTROLLER</CONTROLLER_NAME>
   <CMPNAME>NAVIGATE_OBN</CMPNAME>
   <LINE_NUMBER>4 </LINE_NUMBER>
   <SOURCE_LINE>   data l_api_componentcontroller type ref to if_wd_component.</SOURCE_LINE>
  </WDY_CTLR_COMPO_SOURCE_VRS>
  <WDY_CTLR_COMPO_SOURCE_VRS>
   <COMPONENT_NAME>ZIT_LAUNCHER</COMPONENT_NAME>
   <CONTROLLER_NAME>COMPONENTCONTROLLER</CONTROLLER_NAME>
   <CMPNAME>NAVIGATE_OBN</CMPNAME>
   <LINE_NUMBER>5 </LINE_NUMBER>
   <SOURCE_LINE>  data lr_port_manager type ref to if_wd_portal_integration.</SOURCE_LINE>
  </WDY_CTLR_COMPO_SOURCE_VRS>
  <WDY_CTLR_COMPO_SOURCE_VRS>
   <COMPONENT_NAME>ZIT_LAUNCHER</COMPONENT_NAME>
   <CONTROLLER_NAME>COMPONENTCONTROLLER</CONTROLLER_NAME>
   <CMPNAME>NAVIGATE_OBN</CMPNAME>
   <LINE_NUMBER>6 </LINE_NUMBER>
   <SOURCE_LINE></SOURCE_LINE>
  </WDY_CTLR_COMPO_SOURCE_VRS>
  <WDY_CTLR_COMPO_SOURCE_VRS>
   <COMPONENT_NAME>ZIT_LAUNCHER</COMPONENT_NAME>
   <CONTROLLER_NAME>COMPONENTCONTROLLER</CONTROLLER_NAME>
   <CMPNAME>NAVIGATE_OBN</CMPNAME>
   <LINE_NUMBER>7 </LINE_NUMBER>
   <SOURCE_LINE>  DATA lo_api_componentcontroller TYPE REF TO if_wd_component.</SOURCE_LINE>
  </WDY_CTLR_COMPO_SOURCE_VRS>
  <WDY_CTLR_COMPO_SOURCE_VRS>
   <COMPONENT_NAME>ZIT_LAUNCHER</COMPONENT_NAME>
   <CONTROLLER_NAME>COMPONENTCONTROLLER</CONTROLLER_NAME>
   <CMPNAME>NAVIGATE_OBN</CMPNAME>
   <LINE_NUMBER>8 </LINE_NUMBER>
   <SOURCE_LINE>  lo_api_componentcontroller = wd_this-&gt;wd_get_api( ).</SOURCE_LINE>
  </WDY_CTLR_COMPO_SOURCE_VRS>
  <WDY_CTLR_COMPO_SOURCE_VRS>
   <COMPONENT_NAME>ZIT_LAUNCHER</COMPONENT_NAME>
   <CONTROLLER_NAME>COMPONENTCONTROLLER</CONTROLLER_NAME>
   <CMPNAME>NAVIGATE_OBN</CMPNAME>
   <LINE_NUMBER>9 </LINE_NUMBER>
   <SOURCE_LINE></SOURCE_LINE>
  </WDY_CTLR_COMPO_SOURCE_VRS>
  <WDY_CTLR_COMPO_SOURCE_VRS>
   <COMPONENT_NAME>ZIT_LAUNCHER</COMPONENT_NAME>
   <CONTROLLER_NAME>COMPONENTCONTROLLER</CONTROLLER_NAME>
   <CMPNAME>NAVIGATE_OBN</CMPNAME>
   <LINE_NUMBER>10 </LINE_NUMBER>
   <SOURCE_LINE></SOURCE_LINE>
  </WDY_CTLR_COMPO_SOURCE_VRS>
  <WDY_CTLR_COMPO_SOURCE_VRS>
   <COMPONENT_NAME>ZIT_LAUNCHER</COMPONENT_NAME>
   <CONTROLLER_NAME>COMPONENTCONTROLLER</CONTROLLER_NAME>
   <CMPNAME>NAVIGATE_OBN</CMPNAME>
   <LINE_NUMBER>11 </LINE_NUMBER>
   <SOURCE_LINE>   lr_port_manager = lo_api_componentcontroller-&gt;get_portal_manager( ).</SOURCE_LINE>
  </WDY_CTLR_COMPO_SOURCE_VRS>
  <WDY_CTLR_COMPO_SOURCE_VRS>
   <COMPONENT_NAME>ZIT_LAUNCHER</COMPONENT_NAME>
   <CONTROLLER_NAME>COMPONENTCONTROLLER</CONTROLLER_NAME>
   <CMPNAME>NAVIGATE_OBN</CMPNAME>
   <LINE_NUMBER>12 </LINE_NUMBER>
   <SOURCE_LINE></SOURCE_LINE>
  </WDY_CTLR_COMPO_SOURCE_VRS>
  <WDY_CTLR_COMPO_SOURCE_VRS>
   <COMPONENT_NAME>ZIT_LAUNCHER</COMPONENT_NAME>
   <CONTROLLER_NAME>COMPONENTCONTROLLER</CONTROLLER_NAME>
   <CMPNAME>NAVIGATE_OBN</CMPNAME>
   <LINE_NUMBER>13 </LINE_NUMBER>
   <SOURCE_LINE>   call method lr_port_manager-&gt;navigate_to_object</SOURCE_LINE>
  </WDY_CTLR_COMPO_SOURCE_VRS>
  <WDY_CTLR_COMPO_SOURCE_VRS>
   <COMPONENT_NAME>ZIT_LAUNCHER</COMPONENT_NAME>
   <CONTROLLER_NAME>COMPONENTCONTROLLER</CONTROLLER_NAME>
   <CMPNAME>NAVIGATE_OBN</CMPNAME>
   <LINE_NUMBER>14 </LINE_NUMBER>
   <SOURCE_LINE>   exporting</SOURCE_LINE>
  </WDY_CTLR_COMPO_SOURCE_VRS>
  <WDY_CTLR_COMPO_SOURCE_VRS>
   <COMPONENT_NAME>ZIT_LAUNCHER</COMPONENT_NAME>
   <CONTROLLER_NAME>COMPONENTCONTROLLER</CONTROLLER_NAME>
   <CMPNAME>NAVIGATE_OBN</CMPNAME>
   <LINE_NUMBER>15 </LINE_NUMBER>
   <SOURCE_LINE>   system  = &apos;&apos;</SOURCE_LINE>
  </WDY_CTLR_COMPO_SOURCE_VRS>
  <WDY_CTLR_COMPO_SOURCE_VRS>
   <COMPONENT_NAME>ZIT_LAUNCHER</COMPONENT_NAME>
   <CONTROLLER_NAME>COMPONENTCONTROLLER</CONTROLLER_NAME>
   <CMPNAME>NAVIGATE_OBN</CMPNAME>
   <LINE_NUMBER>16 </LINE_NUMBER>
   <SOURCE_LINE>   object_type  = OBJECT</SOURCE_LINE>
  </WDY_CTLR_COMPO_SOURCE_VRS>
  <WDY_CTLR_COMPO_SOURCE_VRS>
   <COMPONENT_NAME>ZIT_LAUNCHER</COMPONENT_NAME>
   <CONTROLLER_NAME>COMPONENTCONTROLLER</CONTROLLER_NAME>
   <CMPNAME>NAVIGATE_OBN</CMPNAME>
   <LINE_NUMBER>17 </LINE_NUMBER>
   <SOURCE_LINE>   operation  = METHOD.</SOURCE_LINE>
  </WDY_CTLR_COMPO_SOURCE_VRS>
  <WDY_CTLR_COMPO_SOURCE_VRS>
   <COMPONENT_NAME>ZIT_LAUNCHER</COMPONENT_NAME>
   <CONTROLLER_NAME>COMPONENTCONTROLLER</CONTROLLER_NAME>
   <CMPNAME>NAVIGATE_OBN</CMPNAME>
   <LINE_NUMBER>18 </LINE_NUMBER>
   <SOURCE_LINE></SOURCE_LINE>
  </WDY_CTLR_COMPO_SOURCE_VRS>
  <WDY_CTLR_COMPO_SOURCE_VRS>
   <COMPONENT_NAME>ZIT_LAUNCHER</COMPONENT_NAME>
   <CONTROLLER_NAME>COMPONENTCONTROLLER</CONTROLLER_NAME>
   <CMPNAME>NAVIGATE_OBN</CMPNAME>
   <LINE_NUMBER>19 </LINE_NUMBER>
   <SOURCE_LINE>endmethod.</SOURCE_LINE>
  </WDY_CTLR_COMPO_SOURCE_VRS>
  <WDY_CTLR_COMPO_SOURCE_VRS>
   <COMPONENT_NAME>ZIT_LAUNCHER</COMPONENT_NAME>
   <CONTROLLER_NAME>COMPONENTCONTROLLER</CONTROLLER_NAME>
   <CMPNAME>NAVIGATE_TRCODE</CMPNAME>
   <LINE_NUMBER>1 </LINE_NUMBER>
   <SOURCE_LINE>method NAVIGATE_TRCODE .</SOURCE_LINE>
  </WDY_CTLR_COMPO_SOURCE_VRS>
  <WDY_CTLR_COMPO_SOURCE_VRS>
   <COMPONENT_NAME>ZIT_LAUNCHER</COMPONENT_NAME>
   <CONTROLLER_NAME>COMPONENTCONTROLLER</CONTROLLER_NAME>
   <CMPNAME>NAVIGATE_TRCODE</CMPNAME>
   <LINE_NUMBER>2 </LINE_NUMBER>
   <SOURCE_LINE></SOURCE_LINE>
  </WDY_CTLR_COMPO_SOURCE_VRS>
  <WDY_CTLR_COMPO_SOURCE_VRS>
   <COMPONENT_NAME>ZIT_LAUNCHER</COMPONENT_NAME>
   <CONTROLLER_NAME>COMPONENTCONTROLLER</CONTROLLER_NAME>
   <CMPNAME>NAVIGATE_TRCODE</CMPNAME>
   <LINE_NUMBER>3 </LINE_NUMBER>
   <SOURCE_LINE>  data: lo_lsapi TYPE REF TO IF_LSAPI.</SOURCE_LINE>
  </WDY_CTLR_COMPO_SOURCE_VRS>
  <WDY_CTLR_COMPO_SOURCE_VRS>
   <COMPONENT_NAME>ZIT_LAUNCHER</COMPONENT_NAME>
   <CONTROLLER_NAME>COMPONENTCONTROLLER</CONTROLLER_NAME>
   <CMPNAME>NAVIGATE_TRCODE</CMPNAME>
   <LINE_NUMBER>4 </LINE_NUMBER>
   <SOURCE_LINE></SOURCE_LINE>
  </WDY_CTLR_COMPO_SOURCE_VRS>
  <WDY_CTLR_COMPO_SOURCE_VRS>
   <COMPONENT_NAME>ZIT_LAUNCHER</COMPONENT_NAME>
   <CONTROLLER_NAME>COMPONENTCONTROLLER</CONTROLLER_NAME>
   <CMPNAME>NAVIGATE_TRCODE</CMPNAME>
   <LINE_NUMBER>5 </LINE_NUMBER>
   <SOURCE_LINE>       data: lv_location type string.</SOURCE_LINE>
  </WDY_CTLR_COMPO_SOURCE_VRS>
  <WDY_CTLR_COMPO_SOURCE_VRS>
   <COMPONENT_NAME>ZIT_LAUNCHER</COMPONENT_NAME>
   <CONTROLLER_NAME>COMPONENTCONTROLLER</CONTROLLER_NAME>
   <CMPNAME>NAVIGATE_TRCODE</CMPNAME>
   <LINE_NUMBER>6 </LINE_NUMBER>
   <SOURCE_LINE>       lo_lsapi = cl_lsapi_manager=&gt;get_instance( ).</SOURCE_LINE>
  </WDY_CTLR_COMPO_SOURCE_VRS>
  <WDY_CTLR_COMPO_SOURCE_VRS>
   <COMPONENT_NAME>ZIT_LAUNCHER</COMPONENT_NAME>
   <CONTROLLER_NAME>COMPONENTCONTROLLER</CONTROLLER_NAME>
   <CMPNAME>NAVIGATE_TRCODE</CMPNAME>
   <LINE_NUMBER>7 </LINE_NUMBER>
   <SOURCE_LINE></SOURCE_LINE>
  </WDY_CTLR_COMPO_SOURCE_VRS>
  <WDY_CTLR_COMPO_SOURCE_VRS>
   <COMPONENT_NAME>ZIT_LAUNCHER</COMPONENT_NAME>
   <CONTROLLER_NAME>COMPONENTCONTROLLER</CONTROLLER_NAME>
   <CMPNAME>NAVIGATE_TRCODE</CMPNAME>
   <LINE_NUMBER>8 </LINE_NUMBER>
   <SOURCE_LINE>       CONCATENATE &apos;ls-tr://&apos; trcode INTO lv_location.</SOURCE_LINE>
  </WDY_CTLR_COMPO_SOURCE_VRS>
  <WDY_CTLR_COMPO_SOURCE_VRS>
   <COMPONENT_NAME>ZIT_LAUNCHER</COMPONENT_NAME>
   <CONTROLLER_NAME>COMPONENTCONTROLLER</CONTROLLER_NAME>
   <CMPNAME>NAVIGATE_TRCODE</CMPNAME>
   <LINE_NUMBER>9 </LINE_NUMBER>
   <SOURCE_LINE></SOURCE_LINE>
  </WDY_CTLR_COMPO_SOURCE_VRS>
  <WDY_CTLR_COMPO_SOURCE_VRS>
   <COMPONENT_NAME>ZIT_LAUNCHER</COMPONENT_NAME>
   <CONTROLLER_NAME>COMPONENTCONTROLLER</CONTROLLER_NAME>
   <CMPNAME>NAVIGATE_TRCODE</CMPNAME>
   <LINE_NUMBER>10 </LINE_NUMBER>
   <SOURCE_LINE>             lo_lsapi-&gt;navigate(</SOURCE_LINE>
  </WDY_CTLR_COMPO_SOURCE_VRS>
  <WDY_CTLR_COMPO_SOURCE_VRS>
   <COMPONENT_NAME>ZIT_LAUNCHER</COMPONENT_NAME>
   <CONTROLLER_NAME>COMPONENTCONTROLLER</CONTROLLER_NAME>
   <CMPNAME>NAVIGATE_TRCODE</CMPNAME>
   <LINE_NUMBER>11 </LINE_NUMBER>
   <SOURCE_LINE></SOURCE_LINE>
  </WDY_CTLR_COMPO_SOURCE_VRS>
  <WDY_CTLR_COMPO_SOURCE_VRS>
   <COMPONENT_NAME>ZIT_LAUNCHER</COMPONENT_NAME>
   <CONTROLLER_NAME>COMPONENTCONTROLLER</CONTROLLER_NAME>
   <CMPNAME>NAVIGATE_TRCODE</CMPNAME>
   <LINE_NUMBER>12 </LINE_NUMBER>
   <SOURCE_LINE>                        location      = lv_location</SOURCE_LINE>
  </WDY_CTLR_COMPO_SOURCE_VRS>
  <WDY_CTLR_COMPO_SOURCE_VRS>
   <COMPONENT_NAME>ZIT_LAUNCHER</COMPONENT_NAME>
   <CONTROLLER_NAME>COMPONENTCONTROLLER</CONTROLLER_NAME>
   <CMPNAME>NAVIGATE_TRCODE</CMPNAME>
   <LINE_NUMBER>13 </LINE_NUMBER>
   <SOURCE_LINE></SOURCE_LINE>
  </WDY_CTLR_COMPO_SOURCE_VRS>
  <WDY_CTLR_COMPO_SOURCE_VRS>
   <COMPONENT_NAME>ZIT_LAUNCHER</COMPONENT_NAME>
   <CONTROLLER_NAME>COMPONENTCONTROLLER</CONTROLLER_NAME>
   <CMPNAME>NAVIGATE_TRCODE</CMPNAME>
   <LINE_NUMBER>14 </LINE_NUMBER>
   <SOURCE_LINE>                        mode          =  &apos;1&apos;</SOURCE_LINE>
  </WDY_CTLR_COMPO_SOURCE_VRS>
  <WDY_CTLR_COMPO_SOURCE_VRS>
   <COMPONENT_NAME>ZIT_LAUNCHER</COMPONENT_NAME>
   <CONTROLLER_NAME>COMPONENTCONTROLLER</CONTROLLER_NAME>
   <CMPNAME>NAVIGATE_TRCODE</CMPNAME>
   <LINE_NUMBER>15 </LINE_NUMBER>
   <SOURCE_LINE></SOURCE_LINE>
  </WDY_CTLR_COMPO_SOURCE_VRS>
  <WDY_CTLR_COMPO_SOURCE_VRS>
   <COMPONENT_NAME>ZIT_LAUNCHER</COMPONENT_NAME>
   <CONTROLLER_NAME>COMPONENTCONTROLLER</CONTROLLER_NAME>
   <CMPNAME>NAVIGATE_TRCODE</CMPNAME>
   <LINE_NUMBER>16 </LINE_NUMBER>
   <SOURCE_LINE>*                    history_mode  = iv_history_mode</SOURCE_LINE>
  </WDY_CTLR_COMPO_SOURCE_VRS>
  <WDY_CTLR_COMPO_SOURCE_VRS>
   <COMPONENT_NAME>ZIT_LAUNCHER</COMPONENT_NAME>
   <CONTROLLER_NAME>COMPONENTCONTROLLER</CONTROLLER_NAME>
   <CMPNAME>NAVIGATE_TRCODE</CMPNAME>
   <LINE_NUMBER>17 </LINE_NUMBER>
   <SOURCE_LINE></SOURCE_LINE>
  </WDY_CTLR_COMPO_SOURCE_VRS>
  <WDY_CTLR_COMPO_SOURCE_VRS>
   <COMPONENT_NAME>ZIT_LAUNCHER</COMPONENT_NAME>
   <CONTROLLER_NAME>COMPONENTCONTROLLER</CONTROLLER_NAME>
   <CMPNAME>NAVIGATE_TRCODE</CMPNAME>
   <LINE_NUMBER>18 </LINE_NUMBER>
   <SOURCE_LINE>                         ).</SOURCE_LINE>
  </WDY_CTLR_COMPO_SOURCE_VRS>
  <WDY_CTLR_COMPO_SOURCE_VRS>
   <COMPONENT_NAME>ZIT_LAUNCHER</COMPONENT_NAME>
   <CONTROLLER_NAME>COMPONENTCONTROLLER</CONTROLLER_NAME>
   <CMPNAME>NAVIGATE_TRCODE</CMPNAME>
   <LINE_NUMBER>19 </LINE_NUMBER>
   <SOURCE_LINE>endmethod.</SOURCE_LINE>
  </WDY_CTLR_COMPO_SOURCE_VRS>
  <WDY_CTLR_COMPO_SOURCE_VRS>
   <COMPONENT_NAME>ZIT_LAUNCHER</COMPONENT_NAME>
   <CONTROLLER_NAME>COMPONENTCONTROLLER</CONTROLLER_NAME>
   <CMPNAME>NAVIGATE_WDA</CMPNAME>
   <LINE_NUMBER>1 </LINE_NUMBER>
   <SOURCE_LINE>method NAVIGATE_WDA .</SOURCE_LINE>
  </WDY_CTLR_COMPO_SOURCE_VRS>
  <WDY_CTLR_COMPO_SOURCE_VRS>
   <COMPONENT_NAME>ZIT_LAUNCHER</COMPONENT_NAME>
   <CONTROLLER_NAME>COMPONENTCONTROLLER</CONTROLLER_NAME>
   <CMPNAME>NAVIGATE_WDA</CMPNAME>
   <LINE_NUMBER>2 </LINE_NUMBER>
   <SOURCE_LINE>  DATA: str TYPE string, &quot;String to store URL</SOURCE_LINE>
  </WDY_CTLR_COMPO_SOURCE_VRS>
  <WDY_CTLR_COMPO_SOURCE_VRS>
   <COMPONENT_NAME>ZIT_LAUNCHER</COMPONENT_NAME>
   <CONTROLLER_NAME>COMPONENTCONTROLLER</CONTROLLER_NAME>
   <CMPNAME>NAVIGATE_WDA</CMPNAME>
   <LINE_NUMBER>3 </LINE_NUMBER>
   <SOURCE_LINE>      l_windowl TYPE REF TO if_wd_window_manager,</SOURCE_LINE>
  </WDY_CTLR_COMPO_SOURCE_VRS>
  <WDY_CTLR_COMPO_SOURCE_VRS>
   <COMPONENT_NAME>ZIT_LAUNCHER</COMPONENT_NAME>
   <CONTROLLER_NAME>COMPONENTCONTROLLER</CONTROLLER_NAME>
   <CMPNAME>NAVIGATE_WDA</CMPNAME>
   <LINE_NUMBER>4 </LINE_NUMBER>
   <SOURCE_LINE>      l_cmp_api TYPE REF TO if_wd_component,</SOURCE_LINE>
  </WDY_CTLR_COMPO_SOURCE_VRS>
  <WDY_CTLR_COMPO_SOURCE_VRS>
   <COMPONENT_NAME>ZIT_LAUNCHER</COMPONENT_NAME>
   <CONTROLLER_NAME>COMPONENTCONTROLLER</CONTROLLER_NAME>
   <CMPNAME>NAVIGATE_WDA</CMPNAME>
   <LINE_NUMBER>5 </LINE_NUMBER>
   <SOURCE_LINE>      result TYPE REF TO if_wd_window,</SOURCE_LINE>
  </WDY_CTLR_COMPO_SOURCE_VRS>
  <WDY_CTLR_COMPO_SOURCE_VRS>
   <COMPONENT_NAME>ZIT_LAUNCHER</COMPONENT_NAME>
   <CONTROLLER_NAME>COMPONENTCONTROLLER</CONTROLLER_NAME>
   <CMPNAME>NAVIGATE_WDA</CMPNAME>
   <LINE_NUMBER>6 </LINE_NUMBER>
   <SOURCE_LINE>      lt_parameters TYPE TIHTTPNVP,</SOURCE_LINE>
  </WDY_CTLR_COMPO_SOURCE_VRS>
  <WDY_CTLR_COMPO_SOURCE_VRS>
   <COMPONENT_NAME>ZIT_LAUNCHER</COMPONENT_NAME>
   <CONTROLLER_NAME>COMPONENTCONTROLLER</CONTROLLER_NAME>
   <CMPNAME>NAVIGATE_WDA</CMPNAME>
   <LINE_NUMBER>7 </LINE_NUMBER>
   <SOURCE_LINE>      ls_parameters TYPE IHTTPNVP,</SOURCE_LINE>
  </WDY_CTLR_COMPO_SOURCE_VRS>
  <WDY_CTLR_COMPO_SOURCE_VRS>
   <COMPONENT_NAME>ZIT_LAUNCHER</COMPONENT_NAME>
   <CONTROLLER_NAME>COMPONENTCONTROLLER</CONTROLLER_NAME>
   <CMPNAME>NAVIGATE_WDA</CMPNAME>
   <LINE_NUMBER>8 </LINE_NUMBER>
   <SOURCE_LINE>      lv_application TYPe string.</SOURCE_LINE>
  </WDY_CTLR_COMPO_SOURCE_VRS>
  <WDY_CTLR_COMPO_SOURCE_VRS>
   <COMPONENT_NAME>ZIT_LAUNCHER</COMPONENT_NAME>
   <CONTROLLER_NAME>COMPONENTCONTROLLER</CONTROLLER_NAME>
   <CMPNAME>NAVIGATE_WDA</CMPNAME>
   <LINE_NUMBER>9 </LINE_NUMBER>
   <SOURCE_LINE>DATA lo_api_componentcontroller TYPE REF TO if_wd_component.</SOURCE_LINE>
  </WDY_CTLR_COMPO_SOURCE_VRS>
  <WDY_CTLR_COMPO_SOURCE_VRS>
   <COMPONENT_NAME>ZIT_LAUNCHER</COMPONENT_NAME>
   <CONTROLLER_NAME>COMPONENTCONTROLLER</CONTROLLER_NAME>
   <CMPNAME>NAVIGATE_WDA</CMPNAME>
   <LINE_NUMBER>10 </LINE_NUMBER>
   <SOURCE_LINE></SOURCE_LINE>
  </WDY_CTLR_COMPO_SOURCE_VRS>
  <WDY_CTLR_COMPO_SOURCE_VRS>
   <COMPONENT_NAME>ZIT_LAUNCHER</COMPONENT_NAME>
   <CONTROLLER_NAME>COMPONENTCONTROLLER</CONTROLLER_NAME>
   <CMPNAME>NAVIGATE_WDA</CMPNAME>
   <LINE_NUMBER>11 </LINE_NUMBER>
   <SOURCE_LINE>      lv_application = application.</SOURCE_LINE>
  </WDY_CTLR_COMPO_SOURCE_VRS>
  <WDY_CTLR_COMPO_SOURCE_VRS>
   <COMPONENT_NAME>ZIT_LAUNCHER</COMPONENT_NAME>
   <CONTROLLER_NAME>COMPONENTCONTROLLER</CONTROLLER_NAME>
   <CMPNAME>NAVIGATE_WDA</CMPNAME>
   <LINE_NUMBER>12 </LINE_NUMBER>
   <SOURCE_LINE></SOURCE_LINE>
  </WDY_CTLR_COMPO_SOURCE_VRS>
  <WDY_CTLR_COMPO_SOURCE_VRS>
   <COMPONENT_NAME>ZIT_LAUNCHER</COMPONENT_NAME>
   <CONTROLLER_NAME>COMPONENTCONTROLLER</CONTROLLER_NAME>
   <CMPNAME>NAVIGATE_WDA</CMPNAME>
   <LINE_NUMBER>13 </LINE_NUMBER>
   <SOURCE_LINE>      IF CONFIGURATION is NOT INITIAL.</SOURCE_LINE>
  </WDY_CTLR_COMPO_SOURCE_VRS>
  <WDY_CTLR_COMPO_SOURCE_VRS>
   <COMPONENT_NAME>ZIT_LAUNCHER</COMPONENT_NAME>
   <CONTROLLER_NAME>COMPONENTCONTROLLER</CONTROLLER_NAME>
   <CMPNAME>NAVIGATE_WDA</CMPNAME>
   <LINE_NUMBER>14 </LINE_NUMBER>
   <SOURCE_LINE>        ls_parameters-name = &apos;WDCONFIGURATIONID&apos;.</SOURCE_LINE>
  </WDY_CTLR_COMPO_SOURCE_VRS>
  <WDY_CTLR_COMPO_SOURCE_VRS>
   <COMPONENT_NAME>ZIT_LAUNCHER</COMPONENT_NAME>
   <CONTROLLER_NAME>COMPONENTCONTROLLER</CONTROLLER_NAME>
   <CMPNAME>NAVIGATE_WDA</CMPNAME>
   <LINE_NUMBER>15 </LINE_NUMBER>
   <SOURCE_LINE>        ls_parameters-value = CONFIGURATION.</SOURCE_LINE>
  </WDY_CTLR_COMPO_SOURCE_VRS>
  <WDY_CTLR_COMPO_SOURCE_VRS>
   <COMPONENT_NAME>ZIT_LAUNCHER</COMPONENT_NAME>
   <CONTROLLER_NAME>COMPONENTCONTROLLER</CONTROLLER_NAME>
   <CMPNAME>NAVIGATE_WDA</CMPNAME>
   <LINE_NUMBER>16 </LINE_NUMBER>
   <SOURCE_LINE>        INSERT ls_parameters INTO TABLE lt_parameters.</SOURCE_LINE>
  </WDY_CTLR_COMPO_SOURCE_VRS>
  <WDY_CTLR_COMPO_SOURCE_VRS>
   <COMPONENT_NAME>ZIT_LAUNCHER</COMPONENT_NAME>
   <CONTROLLER_NAME>COMPONENTCONTROLLER</CONTROLLER_NAME>
   <CMPNAME>NAVIGATE_WDA</CMPNAME>
   <LINE_NUMBER>17 </LINE_NUMBER>
   <SOURCE_LINE>      ENDIF.</SOURCE_LINE>
  </WDY_CTLR_COMPO_SOURCE_VRS>
  <WDY_CTLR_COMPO_SOURCE_VRS>
   <COMPONENT_NAME>ZIT_LAUNCHER</COMPONENT_NAME>
   <CONTROLLER_NAME>COMPONENTCONTROLLER</CONTROLLER_NAME>
   <CMPNAME>NAVIGATE_WDA</CMPNAME>
   <LINE_NUMBER>18 </LINE_NUMBER>
   <SOURCE_LINE></SOURCE_LINE>
  </WDY_CTLR_COMPO_SOURCE_VRS>
  <WDY_CTLR_COMPO_SOURCE_VRS>
   <COMPONENT_NAME>ZIT_LAUNCHER</COMPONENT_NAME>
   <CONTROLLER_NAME>COMPONENTCONTROLLER</CONTROLLER_NAME>
   <CMPNAME>NAVIGATE_WDA</CMPNAME>
   <LINE_NUMBER>19 </LINE_NUMBER>
   <SOURCE_LINE>*We will get URL  of Target Application</SOURCE_LINE>
  </WDY_CTLR_COMPO_SOURCE_VRS>
  <WDY_CTLR_COMPO_SOURCE_VRS>
   <COMPONENT_NAME>ZIT_LAUNCHER</COMPONENT_NAME>
   <CONTROLLER_NAME>COMPONENTCONTROLLER</CONTROLLER_NAME>
   <CMPNAME>NAVIGATE_WDA</CMPNAME>
   <LINE_NUMBER>20 </LINE_NUMBER>
   <SOURCE_LINE>      CALL METHOD cl_wd_utilities=&gt;construct_wd_url</SOURCE_LINE>
  </WDY_CTLR_COMPO_SOURCE_VRS>
  <WDY_CTLR_COMPO_SOURCE_VRS>
   <COMPONENT_NAME>ZIT_LAUNCHER</COMPONENT_NAME>
   <CONTROLLER_NAME>COMPONENTCONTROLLER</CONTROLLER_NAME>
   <CMPNAME>NAVIGATE_WDA</CMPNAME>
   <LINE_NUMBER>21 </LINE_NUMBER>
   <SOURCE_LINE>        EXPORTING</SOURCE_LINE>
  </WDY_CTLR_COMPO_SOURCE_VRS>
  <WDY_CTLR_COMPO_SOURCE_VRS>
   <COMPONENT_NAME>ZIT_LAUNCHER</COMPONENT_NAME>
   <CONTROLLER_NAME>COMPONENTCONTROLLER</CONTROLLER_NAME>
   <CMPNAME>NAVIGATE_WDA</CMPNAME>
   <LINE_NUMBER>22 </LINE_NUMBER>
   <SOURCE_LINE>        application_name = lv_APPLICATION</SOURCE_LINE>
  </WDY_CTLR_COMPO_SOURCE_VRS>
  <WDY_CTLR_COMPO_SOURCE_VRS>
   <COMPONENT_NAME>ZIT_LAUNCHER</COMPONENT_NAME>
   <CONTROLLER_NAME>COMPONENTCONTROLLER</CONTROLLER_NAME>
   <CMPNAME>NAVIGATE_WDA</CMPNAME>
   <LINE_NUMBER>23 </LINE_NUMBER>
   <SOURCE_LINE>        in_parameters    = lt_parameters</SOURCE_LINE>
  </WDY_CTLR_COMPO_SOURCE_VRS>
  <WDY_CTLR_COMPO_SOURCE_VRS>
   <COMPONENT_NAME>ZIT_LAUNCHER</COMPONENT_NAME>
   <CONTROLLER_NAME>COMPONENTCONTROLLER</CONTROLLER_NAME>
   <CMPNAME>NAVIGATE_WDA</CMPNAME>
   <LINE_NUMBER>24 </LINE_NUMBER>
   <SOURCE_LINE>        IMPORTING</SOURCE_LINE>
  </WDY_CTLR_COMPO_SOURCE_VRS>
  <WDY_CTLR_COMPO_SOURCE_VRS>
   <COMPONENT_NAME>ZIT_LAUNCHER</COMPONENT_NAME>
   <CONTROLLER_NAME>COMPONENTCONTROLLER</CONTROLLER_NAME>
   <CMPNAME>NAVIGATE_WDA</CMPNAME>
   <LINE_NUMBER>25 </LINE_NUMBER>
   <SOURCE_LINE>        out_absolute_url = str.</SOURCE_LINE>
  </WDY_CTLR_COMPO_SOURCE_VRS>
  <WDY_CTLR_COMPO_SOURCE_VRS>
   <COMPONENT_NAME>ZIT_LAUNCHER</COMPONENT_NAME>
   <CONTROLLER_NAME>COMPONENTCONTROLLER</CONTROLLER_NAME>
   <CMPNAME>NAVIGATE_WDA</CMPNAME>
   <LINE_NUMBER>26 </LINE_NUMBER>
   <SOURCE_LINE></SOURCE_LINE>
  </WDY_CTLR_COMPO_SOURCE_VRS>
  <WDY_CTLR_COMPO_SOURCE_VRS>
   <COMPONENT_NAME>ZIT_LAUNCHER</COMPONENT_NAME>
   <CONTROLLER_NAME>COMPONENTCONTROLLER</CONTROLLER_NAME>
   <CMPNAME>NAVIGATE_WDA</CMPNAME>
   <LINE_NUMBER>27 </LINE_NUMBER>
   <SOURCE_LINE>      URL = str.</SOURCE_LINE>
  </WDY_CTLR_COMPO_SOURCE_VRS>
  <WDY_CTLR_COMPO_SOURCE_VRS>
   <COMPONENT_NAME>ZIT_LAUNCHER</COMPONENT_NAME>
   <CONTROLLER_NAME>COMPONENTCONTROLLER</CONTROLLER_NAME>
   <CMPNAME>NAVIGATE_WDA</CMPNAME>
   <LINE_NUMBER>28 </LINE_NUMBER>
   <SOURCE_LINE></SOURCE_LINE>
  </WDY_CTLR_COMPO_SOURCE_VRS>
  <WDY_CTLR_COMPO_SOURCE_VRS>
   <COMPONENT_NAME>ZIT_LAUNCHER</COMPONENT_NAME>
   <CONTROLLER_NAME>COMPONENTCONTROLLER</CONTROLLER_NAME>
   <CMPNAME>NAVIGATE_WDA</CMPNAME>
   <LINE_NUMBER>29 </LINE_NUMBER>
   <SOURCE_LINE></SOURCE_LINE>
  </WDY_CTLR_COMPO_SOURCE_VRS>
  <WDY_CTLR_COMPO_SOURCE_VRS>
   <COMPONENT_NAME>ZIT_LAUNCHER</COMPONENT_NAME>
   <CONTROLLER_NAME>COMPONENTCONTROLLER</CONTROLLER_NAME>
   <CMPNAME>NAVIGATE_WDA</CMPNAME>
   <LINE_NUMBER>30 </LINE_NUMBER>
   <SOURCE_LINE>endmethod.</SOURCE_LINE>
  </WDY_CTLR_COMPO_SOURCE_VRS>
  <WDY_CTLR_COMPO_SOURCE_VRS>
   <COMPONENT_NAME>ZIT_LAUNCHER</COMPONENT_NAME>
   <CONTROLLER_NAME>COMPONENTCONTROLLER</CONTROLLER_NAME>
   <CMPNAME>WDDOAPPLICATIONSTATECHANGE</CMPNAME>
   <LINE_NUMBER>1 </LINE_NUMBER>
   <SOURCE_LINE>method WDDOAPPLICATIONSTATECHANGE .</SOURCE_LINE>
  </WDY_CTLR_COMPO_SOURCE_VRS>
  <WDY_CTLR_COMPO_SOURCE_VRS>
   <COMPONENT_NAME>ZIT_LAUNCHER</COMPONENT_NAME>
   <CONTROLLER_NAME>COMPONENTCONTROLLER</CONTROLLER_NAME>
   <CMPNAME>WDDOAPPLICATIONSTATECHANGE</CMPNAME>
   <LINE_NUMBER>2 </LINE_NUMBER>
   <SOURCE_LINE>endmethod.</SOURCE_LINE>
  </WDY_CTLR_COMPO_SOURCE_VRS>
  <WDY_CTLR_COMPO_SOURCE_VRS>
   <COMPONENT_NAME>ZIT_LAUNCHER</COMPONENT_NAME>
   <CONTROLLER_NAME>COMPONENTCONTROLLER</CONTROLLER_NAME>
   <CMPNAME>WDDOBEFORENAVIGATION</CMPNAME>
   <LINE_NUMBER>1 </LINE_NUMBER>
   <SOURCE_LINE>method WDDOBEFORENAVIGATION .</SOURCE_LINE>
  </WDY_CTLR_COMPO_SOURCE_VRS>
  <WDY_CTLR_COMPO_SOURCE_VRS>
   <COMPONENT_NAME>ZIT_LAUNCHER</COMPONENT_NAME>
   <CONTROLLER_NAME>COMPONENTCONTROLLER</CONTROLLER_NAME>
   <CMPNAME>WDDOBEFORENAVIGATION</CMPNAME>
   <LINE_NUMBER>2 </LINE_NUMBER>
   <SOURCE_LINE>endmethod.</SOURCE_LINE>
  </WDY_CTLR_COMPO_SOURCE_VRS>
  <WDY_CTLR_COMPO_SOURCE_VRS>
   <COMPONENT_NAME>ZIT_LAUNCHER</COMPONENT_NAME>
   <CONTROLLER_NAME>COMPONENTCONTROLLER</CONTROLLER_NAME>
   <CMPNAME>WDDOEXIT</CMPNAME>
   <LINE_NUMBER>1 </LINE_NUMBER>
   <SOURCE_LINE>method WDDOEXIT .</SOURCE_LINE>
  </WDY_CTLR_COMPO_SOURCE_VRS>
  <WDY_CTLR_COMPO_SOURCE_VRS>
   <COMPONENT_NAME>ZIT_LAUNCHER</COMPONENT_NAME>
   <CONTROLLER_NAME>COMPONENTCONTROLLER</CONTROLLER_NAME>
   <CMPNAME>WDDOEXIT</CMPNAME>
   <LINE_NUMBER>2 </LINE_NUMBER>
   <SOURCE_LINE>endmethod.</SOURCE_LINE>
  </WDY_CTLR_COMPO_SOURCE_VRS>
  <WDY_CTLR_COMPO_SOURCE_VRS>
   <COMPONENT_NAME>ZIT_LAUNCHER</COMPONENT_NAME>
   <CONTROLLER_NAME>COMPONENTCONTROLLER</CONTROLLER_NAME>
   <CMPNAME>WDDOINIT</CMPNAME>
   <LINE_NUMBER>1 </LINE_NUMBER>
   <SOURCE_LINE>method WDDOINIT .</SOURCE_LINE>
  </WDY_CTLR_COMPO_SOURCE_VRS>
  <WDY_CTLR_COMPO_SOURCE_VRS>
   <COMPONENT_NAME>ZIT_LAUNCHER</COMPONENT_NAME>
   <CONTROLLER_NAME>COMPONENTCONTROLLER</CONTROLLER_NAME>
   <CMPNAME>WDDOINIT</CMPNAME>
   <LINE_NUMBER>2 </LINE_NUMBER>
   <SOURCE_LINE>endmethod.</SOURCE_LINE>
  </WDY_CTLR_COMPO_SOURCE_VRS>
  <WDY_CTLR_COMPO_SOURCE_VRS>
   <COMPONENT_NAME>ZIT_LAUNCHER</COMPONENT_NAME>
   <CONTROLLER_NAME>COMPONENTCONTROLLER</CONTROLLER_NAME>
   <CMPNAME>WDDOPOSTPROCESSING</CMPNAME>
   <LINE_NUMBER>1 </LINE_NUMBER>
   <SOURCE_LINE>method WDDOPOSTPROCESSING .</SOURCE_LINE>
  </WDY_CTLR_COMPO_SOURCE_VRS>
  <WDY_CTLR_COMPO_SOURCE_VRS>
   <COMPONENT_NAME>ZIT_LAUNCHER</COMPONENT_NAME>
   <CONTROLLER_NAME>COMPONENTCONTROLLER</CONTROLLER_NAME>
   <CMPNAME>WDDOPOSTPROCESSING</CMPNAME>
   <LINE_NUMBER>2 </LINE_NUMBER>
   <SOURCE_LINE>endmethod.</SOURCE_LINE>
  </WDY_CTLR_COMPO_SOURCE_VRS>
  <WDY_CTLR_COMPO_SOURCE_VRS>
   <COMPONENT_NAME>ZIT_LAUNCHER</COMPONENT_NAME>
   <CONTROLLER_NAME>MAIN</CONTROLLER_NAME>
   <CMPNAME>EXIT</CMPNAME>
   <LINE_NUMBER>1 </LINE_NUMBER>
   <SOURCE_LINE>method EXIT .</SOURCE_LINE>
  </WDY_CTLR_COMPO_SOURCE_VRS>
  <WDY_CTLR_COMPO_SOURCE_VRS>
   <COMPONENT_NAME>ZIT_LAUNCHER</COMPONENT_NAME>
   <CONTROLLER_NAME>MAIN</CONTROLLER_NAME>
   <CMPNAME>EXIT</CMPNAME>
   <LINE_NUMBER>2 </LINE_NUMBER>
   <SOURCE_LINE>endmethod.</SOURCE_LINE>
  </WDY_CTLR_COMPO_SOURCE_VRS>
  <WDY_CTLR_COMPO_SOURCE_VRS>
   <COMPONENT_NAME>ZIT_LAUNCHER</COMPONENT_NAME>
   <CONTROLLER_NAME>MAIN</CONTROLLER_NAME>
   <CMPNAME>WDDOAFTERACTION</CMPNAME>
   <LINE_NUMBER>1 </LINE_NUMBER>
   <SOURCE_LINE>method WDDOAFTERACTION .</SOURCE_LINE>
  </WDY_CTLR_COMPO_SOURCE_VRS>
  <WDY_CTLR_COMPO_SOURCE_VRS>
   <COMPONENT_NAME>ZIT_LAUNCHER</COMPONENT_NAME>
   <CONTROLLER_NAME>MAIN</CONTROLLER_NAME>
   <CMPNAME>WDDOAFTERACTION</CMPNAME>
   <LINE_NUMBER>2 </LINE_NUMBER>
   <SOURCE_LINE>endmethod.</SOURCE_LINE>
  </WDY_CTLR_COMPO_SOURCE_VRS>
  <WDY_CTLR_COMPO_SOURCE_VRS>
   <COMPONENT_NAME>ZIT_LAUNCHER</COMPONENT_NAME>
   <CONTROLLER_NAME>MAIN</CONTROLLER_NAME>
   <CMPNAME>WDDOBEFOREACTION</CMPNAME>
   <LINE_NUMBER>1 </LINE_NUMBER>
   <SOURCE_LINE>method WDDOBEFOREACTION .</SOURCE_LINE>
  </WDY_CTLR_COMPO_SOURCE_VRS>
  <WDY_CTLR_COMPO_SOURCE_VRS>
   <COMPONENT_NAME>ZIT_LAUNCHER</COMPONENT_NAME>
   <CONTROLLER_NAME>MAIN</CONTROLLER_NAME>
   <CMPNAME>WDDOBEFOREACTION</CMPNAME>
   <LINE_NUMBER>2 </LINE_NUMBER>
   <SOURCE_LINE>*  data lo_api_controller type ref to if_wd_view_controller.</SOURCE_LINE>
  </WDY_CTLR_COMPO_SOURCE_VRS>
  <WDY_CTLR_COMPO_SOURCE_VRS>
   <COMPONENT_NAME>ZIT_LAUNCHER</COMPONENT_NAME>
   <CONTROLLER_NAME>MAIN</CONTROLLER_NAME>
   <CMPNAME>WDDOBEFOREACTION</CMPNAME>
   <LINE_NUMBER>3 </LINE_NUMBER>
   <SOURCE_LINE>*  data lo_action         type ref to if_wd_action.</SOURCE_LINE>
  </WDY_CTLR_COMPO_SOURCE_VRS>
  <WDY_CTLR_COMPO_SOURCE_VRS>
   <COMPONENT_NAME>ZIT_LAUNCHER</COMPONENT_NAME>
   <CONTROLLER_NAME>MAIN</CONTROLLER_NAME>
   <CMPNAME>WDDOBEFOREACTION</CMPNAME>
   <LINE_NUMBER>4 </LINE_NUMBER>
   <SOURCE_LINE></SOURCE_LINE>
  </WDY_CTLR_COMPO_SOURCE_VRS>
  <WDY_CTLR_COMPO_SOURCE_VRS>
   <COMPONENT_NAME>ZIT_LAUNCHER</COMPONENT_NAME>
   <CONTROLLER_NAME>MAIN</CONTROLLER_NAME>
   <CMPNAME>WDDOBEFOREACTION</CMPNAME>
   <LINE_NUMBER>5 </LINE_NUMBER>
   <SOURCE_LINE>*  lo_api_controller = wd_this-&gt;wd_get_api( ).</SOURCE_LINE>
  </WDY_CTLR_COMPO_SOURCE_VRS>
  <WDY_CTLR_COMPO_SOURCE_VRS>
   <COMPONENT_NAME>ZIT_LAUNCHER</COMPONENT_NAME>
   <CONTROLLER_NAME>MAIN</CONTROLLER_NAME>
   <CMPNAME>WDDOBEFOREACTION</CMPNAME>
   <LINE_NUMBER>6 </LINE_NUMBER>
   <SOURCE_LINE>*  lo_action = lo_api_controller-&gt;get_current_action( ).</SOURCE_LINE>
  </WDY_CTLR_COMPO_SOURCE_VRS>
  <WDY_CTLR_COMPO_SOURCE_VRS>
   <COMPONENT_NAME>ZIT_LAUNCHER</COMPONENT_NAME>
   <CONTROLLER_NAME>MAIN</CONTROLLER_NAME>
   <CMPNAME>WDDOBEFOREACTION</CMPNAME>
   <LINE_NUMBER>7 </LINE_NUMBER>
   <SOURCE_LINE></SOURCE_LINE>
  </WDY_CTLR_COMPO_SOURCE_VRS>
  <WDY_CTLR_COMPO_SOURCE_VRS>
   <COMPONENT_NAME>ZIT_LAUNCHER</COMPONENT_NAME>
   <CONTROLLER_NAME>MAIN</CONTROLLER_NAME>
   <CMPNAME>WDDOBEFOREACTION</CMPNAME>
   <LINE_NUMBER>8 </LINE_NUMBER>
   <SOURCE_LINE>*  if lo_action is bound.</SOURCE_LINE>
  </WDY_CTLR_COMPO_SOURCE_VRS>
  <WDY_CTLR_COMPO_SOURCE_VRS>
   <COMPONENT_NAME>ZIT_LAUNCHER</COMPONENT_NAME>
   <CONTROLLER_NAME>MAIN</CONTROLLER_NAME>
   <CMPNAME>WDDOBEFOREACTION</CMPNAME>
   <LINE_NUMBER>9 </LINE_NUMBER>
   <SOURCE_LINE>*    case lo_action-&gt;name.</SOURCE_LINE>
  </WDY_CTLR_COMPO_SOURCE_VRS>
  <WDY_CTLR_COMPO_SOURCE_VRS>
   <COMPONENT_NAME>ZIT_LAUNCHER</COMPONENT_NAME>
   <CONTROLLER_NAME>MAIN</CONTROLLER_NAME>
   <CMPNAME>WDDOBEFOREACTION</CMPNAME>
   <LINE_NUMBER>10 </LINE_NUMBER>
   <SOURCE_LINE>*      when &apos;...&apos;.</SOURCE_LINE>
  </WDY_CTLR_COMPO_SOURCE_VRS>
  <WDY_CTLR_COMPO_SOURCE_VRS>
   <COMPONENT_NAME>ZIT_LAUNCHER</COMPONENT_NAME>
   <CONTROLLER_NAME>MAIN</CONTROLLER_NAME>
   <CMPNAME>WDDOBEFOREACTION</CMPNAME>
   <LINE_NUMBER>11 </LINE_NUMBER>
   <SOURCE_LINE></SOURCE_LINE>
  </WDY_CTLR_COMPO_SOURCE_VRS>
  <WDY_CTLR_COMPO_SOURCE_VRS>
   <COMPONENT_NAME>ZIT_LAUNCHER</COMPONENT_NAME>
   <CONTROLLER_NAME>MAIN</CONTROLLER_NAME>
   <CMPNAME>WDDOBEFOREACTION</CMPNAME>
   <LINE_NUMBER>12 </LINE_NUMBER>
   <SOURCE_LINE>*    endcase.</SOURCE_LINE>
  </WDY_CTLR_COMPO_SOURCE_VRS>
  <WDY_CTLR_COMPO_SOURCE_VRS>
   <COMPONENT_NAME>ZIT_LAUNCHER</COMPONENT_NAME>
   <CONTROLLER_NAME>MAIN</CONTROLLER_NAME>
   <CMPNAME>WDDOBEFOREACTION</CMPNAME>
   <LINE_NUMBER>13 </LINE_NUMBER>
   <SOURCE_LINE>*  endif.</SOURCE_LINE>
  </WDY_CTLR_COMPO_SOURCE_VRS>
  <WDY_CTLR_COMPO_SOURCE_VRS>
   <COMPONENT_NAME>ZIT_LAUNCHER</COMPONENT_NAME>
   <CONTROLLER_NAME>MAIN</CONTROLLER_NAME>
   <CMPNAME>WDDOBEFOREACTION</CMPNAME>
   <LINE_NUMBER>14 </LINE_NUMBER>
   <SOURCE_LINE>endmethod.</SOURCE_LINE>
  </WDY_CTLR_COMPO_SOURCE_VRS>
  <WDY_CTLR_COMPO_SOURCE_VRS>
   <COMPONENT_NAME>ZIT_LAUNCHER</COMPONENT_NAME>
   <CONTROLLER_NAME>MAIN</CONTROLLER_NAME>
   <CMPNAME>WDDOEXIT</CMPNAME>
   <LINE_NUMBER>1 </LINE_NUMBER>
   <SOURCE_LINE>method WDDOEXIT .</SOURCE_LINE>
  </WDY_CTLR_COMPO_SOURCE_VRS>
  <WDY_CTLR_COMPO_SOURCE_VRS>
   <COMPONENT_NAME>ZIT_LAUNCHER</COMPONENT_NAME>
   <CONTROLLER_NAME>MAIN</CONTROLLER_NAME>
   <CMPNAME>WDDOEXIT</CMPNAME>
   <LINE_NUMBER>2 </LINE_NUMBER>
   <SOURCE_LINE>endmethod.</SOURCE_LINE>
  </WDY_CTLR_COMPO_SOURCE_VRS>
  <WDY_CTLR_COMPO_SOURCE_VRS>
   <COMPONENT_NAME>ZIT_LAUNCHER</COMPONENT_NAME>
   <CONTROLLER_NAME>MAIN</CONTROLLER_NAME>
   <CMPNAME>WDDOINIT</CMPNAME>
   <LINE_NUMBER>1 </LINE_NUMBER>
   <SOURCE_LINE>method WDDOINIT .</SOURCE_LINE>
  </WDY_CTLR_COMPO_SOURCE_VRS>
  <WDY_CTLR_COMPO_SOURCE_VRS>
   <COMPONENT_NAME>ZIT_LAUNCHER</COMPONENT_NAME>
   <CONTROLLER_NAME>MAIN</CONTROLLER_NAME>
   <CMPNAME>WDDOINIT</CMPNAME>
   <LINE_NUMBER>2 </LINE_NUMBER>
   <SOURCE_LINE>endmethod.</SOURCE_LINE>
  </WDY_CTLR_COMPO_SOURCE_VRS>
  <WDY_CTLR_COMPO_SOURCE_VRS>
   <COMPONENT_NAME>ZIT_LAUNCHER</COMPONENT_NAME>
   <CONTROLLER_NAME>MAIN</CONTROLLER_NAME>
   <CMPNAME>WDDOMODIFYVIEW</CMPNAME>
   <LINE_NUMBER>1 </LINE_NUMBER>
   <SOURCE_LINE>method WDDOMODIFYVIEW .</SOURCE_LINE>
  </WDY_CTLR_COMPO_SOURCE_VRS>
  <WDY_CTLR_COMPO_SOURCE_VRS>
   <COMPONENT_NAME>ZIT_LAUNCHER</COMPONENT_NAME>
   <CONTROLLER_NAME>MAIN</CONTROLLER_NAME>
   <CMPNAME>WDDOMODIFYVIEW</CMPNAME>
   <LINE_NUMBER>2 </LINE_NUMBER>
   <SOURCE_LINE>endmethod.</SOURCE_LINE>
  </WDY_CTLR_COMPO_SOURCE_VRS>
  <WDY_CTLR_COMPO_SOURCE_VRS>
   <COMPONENT_NAME>ZIT_LAUNCHER</COMPONENT_NAME>
   <CONTROLLER_NAME>MAIN</CONTROLLER_NAME>
   <CMPNAME>WDDOONCONTEXTMENU</CMPNAME>
   <LINE_NUMBER>1 </LINE_NUMBER>
   <SOURCE_LINE>method WDDOONCONTEXTMENU .</SOURCE_LINE>
  </WDY_CTLR_COMPO_SOURCE_VRS>
  <WDY_CTLR_COMPO_SOURCE_VRS>
   <COMPONENT_NAME>ZIT_LAUNCHER</COMPONENT_NAME>
   <CONTROLLER_NAME>MAIN</CONTROLLER_NAME>
   <CMPNAME>WDDOONCONTEXTMENU</CMPNAME>
   <LINE_NUMBER>2 </LINE_NUMBER>
   <SOURCE_LINE>endmethod.</SOURCE_LINE>
  </WDY_CTLR_COMPO_SOURCE_VRS>
  <WDY_CTLR_COMPO_SOURCE_VRS>
   <COMPONENT_NAME>ZIT_LAUNCHER</COMPONENT_NAME>
   <CONTROLLER_NAME>ZIT_LAUNCHER</CONTROLLER_NAME>
   <CMPNAME>HANDLEDEFAULT</CMPNAME>
   <LINE_NUMBER>1 </LINE_NUMBER>
   <SOURCE_LINE>method HANDLEDEFAULT .</SOURCE_LINE>
  </WDY_CTLR_COMPO_SOURCE_VRS>
  <WDY_CTLR_COMPO_SOURCE_VRS>
   <COMPONENT_NAME>ZIT_LAUNCHER</COMPONENT_NAME>
   <CONTROLLER_NAME>ZIT_LAUNCHER</CONTROLLER_NAME>
   <CMPNAME>HANDLEDEFAULT</CMPNAME>
   <LINE_NUMBER>2 </LINE_NUMBER>
   <SOURCE_LINE>  DATA lo_COMPONENTCONTROLLER TYPE REF TO IG_COMPONENTCONTROLLER .</SOURCE_LINE>
  </WDY_CTLR_COMPO_SOURCE_VRS>
  <WDY_CTLR_COMPO_SOURCE_VRS>
   <COMPONENT_NAME>ZIT_LAUNCHER</COMPONENT_NAME>
   <CONTROLLER_NAME>ZIT_LAUNCHER</CONTROLLER_NAME>
   <CMPNAME>HANDLEDEFAULT</CMPNAME>
   <LINE_NUMBER>3 </LINE_NUMBER>
   <SOURCE_LINE>DATA lv_url TYPE string.</SOURCE_LINE>
  </WDY_CTLR_COMPO_SOURCE_VRS>
  <WDY_CTLR_COMPO_SOURCE_VRS>
   <COMPONENT_NAME>ZIT_LAUNCHER</COMPONENT_NAME>
   <CONTROLLER_NAME>ZIT_LAUNCHER</CONTROLLER_NAME>
   <CMPNAME>HANDLEDEFAULT</CMPNAME>
   <LINE_NUMBER>4 </LINE_NUMBER>
   <SOURCE_LINE>lo_COMPONENTCONTROLLER =   wd_this-&gt;get_componentcontroller_ctr( ).</SOURCE_LINE>
  </WDY_CTLR_COMPO_SOURCE_VRS>
  <WDY_CTLR_COMPO_SOURCE_VRS>
   <COMPONENT_NAME>ZIT_LAUNCHER</COMPONENT_NAME>
   <CONTROLLER_NAME>ZIT_LAUNCHER</CONTROLLER_NAME>
   <CMPNAME>HANDLEDEFAULT</CMPNAME>
   <LINE_NUMBER>5 </LINE_NUMBER>
   <SOURCE_LINE></SOURCE_LINE>
  </WDY_CTLR_COMPO_SOURCE_VRS>
  <WDY_CTLR_COMPO_SOURCE_VRS>
   <COMPONENT_NAME>ZIT_LAUNCHER</COMPONENT_NAME>
   <CONTROLLER_NAME>ZIT_LAUNCHER</CONTROLLER_NAME>
   <CMPNAME>HANDLEDEFAULT</CMPNAME>
   <LINE_NUMBER>6 </LINE_NUMBER>
   <SOURCE_LINE></SOURCE_LINE>
  </WDY_CTLR_COMPO_SOURCE_VRS>
  <WDY_CTLR_COMPO_SOURCE_VRS>
   <COMPONENT_NAME>ZIT_LAUNCHER</COMPONENT_NAME>
   <CONTROLLER_NAME>ZIT_LAUNCHER</CONTROLLER_NAME>
   <CMPNAME>HANDLEDEFAULT</CMPNAME>
   <LINE_NUMBER>7 </LINE_NUMBER>
   <SOURCE_LINE>CASE type.</SOURCE_LINE>
  </WDY_CTLR_COMPO_SOURCE_VRS>
  <WDY_CTLR_COMPO_SOURCE_VRS>
   <COMPONENT_NAME>ZIT_LAUNCHER</COMPONENT_NAME>
   <CONTROLLER_NAME>ZIT_LAUNCHER</CONTROLLER_NAME>
   <CMPNAME>HANDLEDEFAULT</CMPNAME>
   <LINE_NUMBER>8 </LINE_NUMBER>
   <SOURCE_LINE>  WHEN &apos;TRCODE&apos;.</SOURCE_LINE>
  </WDY_CTLR_COMPO_SOURCE_VRS>
  <WDY_CTLR_COMPO_SOURCE_VRS>
   <COMPONENT_NAME>ZIT_LAUNCHER</COMPONENT_NAME>
   <CONTROLLER_NAME>ZIT_LAUNCHER</CONTROLLER_NAME>
   <CMPNAME>HANDLEDEFAULT</CMPNAME>
   <LINE_NUMBER>9 </LINE_NUMBER>
   <SOURCE_LINE>      lo_componentcontroller-&gt;navigate_trcode(</SOURCE_LINE>
  </WDY_CTLR_COMPO_SOURCE_VRS>
  <WDY_CTLR_COMPO_SOURCE_VRS>
   <COMPONENT_NAME>ZIT_LAUNCHER</COMPONENT_NAME>
   <CONTROLLER_NAME>ZIT_LAUNCHER</CONTROLLER_NAME>
   <CMPNAME>HANDLEDEFAULT</CMPNAME>
   <LINE_NUMBER>10 </LINE_NUMBER>
   <SOURCE_LINE>        TRCODE = trcode ).</SOURCE_LINE>
  </WDY_CTLR_COMPO_SOURCE_VRS>
  <WDY_CTLR_COMPO_SOURCE_VRS>
   <COMPONENT_NAME>ZIT_LAUNCHER</COMPONENT_NAME>
   <CONTROLLER_NAME>ZIT_LAUNCHER</CONTROLLER_NAME>
   <CMPNAME>HANDLEDEFAULT</CMPNAME>
   <LINE_NUMBER>11 </LINE_NUMBER>
   <SOURCE_LINE>   WHEN &apos;WDA&apos;.</SOURCE_LINE>
  </WDY_CTLR_COMPO_SOURCE_VRS>
  <WDY_CTLR_COMPO_SOURCE_VRS>
   <COMPONENT_NAME>ZIT_LAUNCHER</COMPONENT_NAME>
   <CONTROLLER_NAME>ZIT_LAUNCHER</CONTROLLER_NAME>
   <CMPNAME>HANDLEDEFAULT</CMPNAME>
   <LINE_NUMBER>12 </LINE_NUMBER>
   <SOURCE_LINE>     lo_componentcontroller-&gt;navigate_wda(</SOURCE_LINE>
  </WDY_CTLR_COMPO_SOURCE_VRS>
  <WDY_CTLR_COMPO_SOURCE_VRS>
   <COMPONENT_NAME>ZIT_LAUNCHER</COMPONENT_NAME>
   <CONTROLLER_NAME>ZIT_LAUNCHER</CONTROLLER_NAME>
   <CMPNAME>HANDLEDEFAULT</CMPNAME>
   <LINE_NUMBER>13 </LINE_NUMBER>
   <SOURCE_LINE>        EXPORTING</SOURCE_LINE>
  </WDY_CTLR_COMPO_SOURCE_VRS>
  <WDY_CTLR_COMPO_SOURCE_VRS>
   <COMPONENT_NAME>ZIT_LAUNCHER</COMPONENT_NAME>
   <CONTROLLER_NAME>ZIT_LAUNCHER</CONTROLLER_NAME>
   <CMPNAME>HANDLEDEFAULT</CMPNAME>
   <LINE_NUMBER>14 </LINE_NUMBER>
   <SOURCE_LINE>          APPLICATION = APPLICATION</SOURCE_LINE>
  </WDY_CTLR_COMPO_SOURCE_VRS>
  <WDY_CTLR_COMPO_SOURCE_VRS>
   <COMPONENT_NAME>ZIT_LAUNCHER</COMPONENT_NAME>
   <CONTROLLER_NAME>ZIT_LAUNCHER</CONTROLLER_NAME>
   <CMPNAME>HANDLEDEFAULT</CMPNAME>
   <LINE_NUMBER>15 </LINE_NUMBER>
   <SOURCE_LINE>          CONFIGURATION = CONFIGURATION</SOURCE_LINE>
  </WDY_CTLR_COMPO_SOURCE_VRS>
  <WDY_CTLR_COMPO_SOURCE_VRS>
   <COMPONENT_NAME>ZIT_LAUNCHER</COMPONENT_NAME>
   <CONTROLLER_NAME>ZIT_LAUNCHER</CONTROLLER_NAME>
   <CMPNAME>HANDLEDEFAULT</CMPNAME>
   <LINE_NUMBER>16 </LINE_NUMBER>
   <SOURCE_LINE>        IMPORTING</SOURCE_LINE>
  </WDY_CTLR_COMPO_SOURCE_VRS>
  <WDY_CTLR_COMPO_SOURCE_VRS>
   <COMPONENT_NAME>ZIT_LAUNCHER</COMPONENT_NAME>
   <CONTROLLER_NAME>ZIT_LAUNCHER</CONTROLLER_NAME>
   <CMPNAME>HANDLEDEFAULT</CMPNAME>
   <LINE_NUMBER>17 </LINE_NUMBER>
   <SOURCE_LINE>          url = lv_url ).</SOURCE_LINE>
  </WDY_CTLR_COMPO_SOURCE_VRS>
  <WDY_CTLR_COMPO_SOURCE_VRS>
   <COMPONENT_NAME>ZIT_LAUNCHER</COMPONENT_NAME>
   <CONTROLLER_NAME>ZIT_LAUNCHER</CONTROLLER_NAME>
   <CMPNAME>HANDLEDEFAULT</CMPNAME>
   <LINE_NUMBER>18 </LINE_NUMBER>
   <SOURCE_LINE>   WHEN &apos;OBN&apos;.</SOURCE_LINE>
  </WDY_CTLR_COMPO_SOURCE_VRS>
  <WDY_CTLR_COMPO_SOURCE_VRS>
   <COMPONENT_NAME>ZIT_LAUNCHER</COMPONENT_NAME>
   <CONTROLLER_NAME>ZIT_LAUNCHER</CONTROLLER_NAME>
   <CMPNAME>HANDLEDEFAULT</CMPNAME>
   <LINE_NUMBER>19 </LINE_NUMBER>
   <SOURCE_LINE>     lo_componentcontroller-&gt;navigate_obn(</SOURCE_LINE>
  </WDY_CTLR_COMPO_SOURCE_VRS>
  <WDY_CTLR_COMPO_SOURCE_VRS>
   <COMPONENT_NAME>ZIT_LAUNCHER</COMPONENT_NAME>
   <CONTROLLER_NAME>ZIT_LAUNCHER</CONTROLLER_NAME>
   <CMPNAME>HANDLEDEFAULT</CMPNAME>
   <LINE_NUMBER>20 </LINE_NUMBER>
   <SOURCE_LINE>        OBJECT = OBJECT</SOURCE_LINE>
  </WDY_CTLR_COMPO_SOURCE_VRS>
  <WDY_CTLR_COMPO_SOURCE_VRS>
   <COMPONENT_NAME>ZIT_LAUNCHER</COMPONENT_NAME>
   <CONTROLLER_NAME>ZIT_LAUNCHER</CONTROLLER_NAME>
   <CMPNAME>HANDLEDEFAULT</CMPNAME>
   <LINE_NUMBER>21 </LINE_NUMBER>
   <SOURCE_LINE>        METHOD = METHOD ).</SOURCE_LINE>
  </WDY_CTLR_COMPO_SOURCE_VRS>
  <WDY_CTLR_COMPO_SOURCE_VRS>
   <COMPONENT_NAME>ZIT_LAUNCHER</COMPONENT_NAME>
   <CONTROLLER_NAME>ZIT_LAUNCHER</CONTROLLER_NAME>
   <CMPNAME>HANDLEDEFAULT</CMPNAME>
   <LINE_NUMBER>22 </LINE_NUMBER>
   <SOURCE_LINE>ENDCASE.</SOURCE_LINE>
  </WDY_CTLR_COMPO_SOURCE_VRS>
  <WDY_CTLR_COMPO_SOURCE_VRS>
   <COMPONENT_NAME>ZIT_LAUNCHER</COMPONENT_NAME>
   <CONTROLLER_NAME>ZIT_LAUNCHER</CONTROLLER_NAME>
   <CMPNAME>HANDLEDEFAULT</CMPNAME>
   <LINE_NUMBER>23 </LINE_NUMBER>
   <SOURCE_LINE></SOURCE_LINE>
  </WDY_CTLR_COMPO_SOURCE_VRS>
  <WDY_CTLR_COMPO_SOURCE_VRS>
   <COMPONENT_NAME>ZIT_LAUNCHER</COMPONENT_NAME>
   <CONTROLLER_NAME>ZIT_LAUNCHER</CONTROLLER_NAME>
   <CMPNAME>HANDLEDEFAULT</CMPNAME>
   <LINE_NUMBER>24 </LINE_NUMBER>
   <SOURCE_LINE>IF lv_url is initial.</SOURCE_LINE>
  </WDY_CTLR_COMPO_SOURCE_VRS>
  <WDY_CTLR_COMPO_SOURCE_VRS>
   <COMPONENT_NAME>ZIT_LAUNCHER</COMPONENT_NAME>
   <CONTROLLER_NAME>ZIT_LAUNCHER</CONTROLLER_NAME>
   <CMPNAME>HANDLEDEFAULT</CMPNAME>
   <LINE_NUMBER>25 </LINE_NUMBER>
   <SOURCE_LINE>  wd_this-&gt;fire_exit_plug_plg( close_window = abap_true ).</SOURCE_LINE>
  </WDY_CTLR_COMPO_SOURCE_VRS>
  <WDY_CTLR_COMPO_SOURCE_VRS>
   <COMPONENT_NAME>ZIT_LAUNCHER</COMPONENT_NAME>
   <CONTROLLER_NAME>ZIT_LAUNCHER</CONTROLLER_NAME>
   <CMPNAME>HANDLEDEFAULT</CMPNAME>
   <LINE_NUMBER>26 </LINE_NUMBER>
   <SOURCE_LINE>ELSE.</SOURCE_LINE>
  </WDY_CTLR_COMPO_SOURCE_VRS>
  <WDY_CTLR_COMPO_SOURCE_VRS>
   <COMPONENT_NAME>ZIT_LAUNCHER</COMPONENT_NAME>
   <CONTROLLER_NAME>ZIT_LAUNCHER</CONTROLLER_NAME>
   <CMPNAME>HANDLEDEFAULT</CMPNAME>
   <LINE_NUMBER>27 </LINE_NUMBER>
   <SOURCE_LINE>  wd_this-&gt;fire_exit_plug_plg( url = lv_url close_window = abap_false ).</SOURCE_LINE>
  </WDY_CTLR_COMPO_SOURCE_VRS>
  <WDY_CTLR_COMPO_SOURCE_VRS>
   <COMPONENT_NAME>ZIT_LAUNCHER</COMPONENT_NAME>
   <CONTROLLER_NAME>ZIT_LAUNCHER</CONTROLLER_NAME>
   <CMPNAME>HANDLEDEFAULT</CMPNAME>
   <LINE_NUMBER>28 </LINE_NUMBER>
   <SOURCE_LINE>ENDIF.</SOURCE_LINE>
  </WDY_CTLR_COMPO_SOURCE_VRS>
  <WDY_CTLR_COMPO_SOURCE_VRS>
   <COMPONENT_NAME>ZIT_LAUNCHER</COMPONENT_NAME>
   <CONTROLLER_NAME>ZIT_LAUNCHER</CONTROLLER_NAME>
   <CMPNAME>HANDLEDEFAULT</CMPNAME>
   <LINE_NUMBER>29 </LINE_NUMBER>
   <SOURCE_LINE>endmethod.</SOURCE_LINE>
  </WDY_CTLR_COMPO_SOURCE_VRS>
  <WDY_CTLR_COMPO_SOURCE_VRS>
   <COMPONENT_NAME>ZIT_LAUNCHER</COMPONENT_NAME>
   <CONTROLLER_NAME>ZIT_LAUNCHER</CONTROLLER_NAME>
   <CMPNAME>WDDOEXIT</CMPNAME>
   <LINE_NUMBER>1 </LINE_NUMBER>
   <SOURCE_LINE>method WDDOEXIT .</SOURCE_LINE>
  </WDY_CTLR_COMPO_SOURCE_VRS>
  <WDY_CTLR_COMPO_SOURCE_VRS>
   <COMPONENT_NAME>ZIT_LAUNCHER</COMPONENT_NAME>
   <CONTROLLER_NAME>ZIT_LAUNCHER</CONTROLLER_NAME>
   <CMPNAME>WDDOEXIT</CMPNAME>
   <LINE_NUMBER>2 </LINE_NUMBER>
   <SOURCE_LINE>endmethod.</SOURCE_LINE>
  </WDY_CTLR_COMPO_SOURCE_VRS>
  <WDY_CTLR_COMPO_SOURCE_VRS>
   <COMPONENT_NAME>ZIT_LAUNCHER</COMPONENT_NAME>
   <CONTROLLER_NAME>ZIT_LAUNCHER</CONTROLLER_NAME>
   <CMPNAME>WDDOINIT</CMPNAME>
   <LINE_NUMBER>1 </LINE_NUMBER>
   <SOURCE_LINE>method WDDOINIT .</SOURCE_LINE>
  </WDY_CTLR_COMPO_SOURCE_VRS>
  <WDY_CTLR_COMPO_SOURCE_VRS>
   <COMPONENT_NAME>ZIT_LAUNCHER</COMPONENT_NAME>
   <CONTROLLER_NAME>ZIT_LAUNCHER</CONTROLLER_NAME>
   <CMPNAME>WDDOINIT</CMPNAME>
   <LINE_NUMBER>2 </LINE_NUMBER>
   <SOURCE_LINE>endmethod.</SOURCE_LINE>
  </WDY_CTLR_COMPO_SOURCE_VRS>
  <WDY_CTLR_COMPO_SOURCE_VRS>
   <COMPONENT_NAME>ZIT_LAUNCHER</COMPONENT_NAME>
   <CONTROLLER_NAME>ZIT_LAUNCHER</CONTROLLER_NAME>
   <CMPNAME>WDDOONCLOSE</CMPNAME>
   <LINE_NUMBER>1 </LINE_NUMBER>
   <SOURCE_LINE>method WDDOONCLOSE .</SOURCE_LINE>
  </WDY_CTLR_COMPO_SOURCE_VRS>
  <WDY_CTLR_COMPO_SOURCE_VRS>
   <COMPONENT_NAME>ZIT_LAUNCHER</COMPONENT_NAME>
   <CONTROLLER_NAME>ZIT_LAUNCHER</CONTROLLER_NAME>
   <CMPNAME>WDDOONCLOSE</CMPNAME>
   <LINE_NUMBER>2 </LINE_NUMBER>
   <SOURCE_LINE>endmethod.</SOURCE_LINE>
  </WDY_CTLR_COMPO_SOURCE_VRS>
  <WDY_CTLR_COMPO_SOURCE_VRS>
   <COMPONENT_NAME>ZIT_LAUNCHER</COMPONENT_NAME>
   <CONTROLLER_NAME>ZIT_LAUNCHER</CONTROLLER_NAME>
   <CMPNAME>WDDOONOPEN</CMPNAME>
   <LINE_NUMBER>1 </LINE_NUMBER>
   <SOURCE_LINE>method WDDOONOPEN .</SOURCE_LINE>
  </WDY_CTLR_COMPO_SOURCE_VRS>
  <WDY_CTLR_COMPO_SOURCE_VRS>
   <COMPONENT_NAME>ZIT_LAUNCHER</COMPONENT_NAME>
   <CONTROLLER_NAME>ZIT_LAUNCHER</CONTROLLER_NAME>
   <CMPNAME>WDDOONOPEN</CMPNAME>
   <LINE_NUMBER>2 </LINE_NUMBER>
   <SOURCE_LINE>endmethod.</SOURCE_LINE>
  </WDY_CTLR_COMPO_SOURCE_VRS>
 </SOURCES>
</abapGit>
